,City of Folsom,City of Redding,City of Roseville,City of West Sacramento,Yuba City,El Dorado Irrigation District,Napa County Flood Control & Water Conservation District,Placer County Water Agency,Sacramento County Water Agency,San Juan Water District,Shasta Contractors,Solano County Water Agency,City of Avenal,City of Coalinga,City of Fresno,City of Huron,City of Lindsay,City of Orange Cove,City of Tracy,Kern County Water Agency,Other Friant-Kern M&I Contractors,Stockton-East Water District,"Alameda County Flood Control and Water Conservation District, Zone 7",Alameda County Water District,Contra Costa Water District,East Bay Municipal Utilities District,"San Benito County Water District, Zone 6",Santa Clara Valley Water District,San Luis Obispo County Flood Control & Water Conservation District,Santa Barbara County Flood Control & Water Conservation District,Antelope Valley-East Kern Water Agency,Santa Clarita Water Division,Coachella Valley Water District,Crestline-Lake Arrowhead Water Agency,Desert Water Agency,Metropolitan Water District of Southern California,Mojave Water Agency,Palmdale Water District & Littlerock Creek Irrigation District,San Bernardino Valley Municipal Water District
1921,100.50796842575073,23.3035070132637,170.64306449890137,10.041654586791992,11.839785099029541,52.55858612060547,78.5524206161499,192.5197296142578,253.04623937606812,193.18179416656494,12.224957448244094,122.32817840576172,122.32817840576172,25.311334323883056,36.15904903411865,10.847714710235595,0.0,0.0,459.69156646728516,0.0,309.56375885009766,255.2382297515869,249.69802856445312,1505.2999725341797,0.0,68.07701766586304,1014.2474440040589,539.0083770751953,265.9072608947754,1376.375,15.423162937164307,826.4538421630859,9443.86466217041,369.0283203125,37.48180961608887,509.62034606933594,53.01881790161133,51.27320671081543,317.11541748046875
1922,563.0284967422485,447.3761350041199,1026.3741302490234,263.56286692619324,79.15702104568481,406.025119304657,404.0557327270508,1175.289499282837,1030.9157441183925,1359.9235277175903,171.1122130870819,365.5157890319824,365.5157890319824,115.82009410858153,165.45727729797363,49.63718318939209,42.15720899899801,23.608037039438884,1596.7203736305237,49.34079741242727,1241.376838684082,802.7432584762573,362.086168050766,2188.8399963378906,0.0,707.4519530963897,3503.3214355754853,1193.1127319335938,572.6617164611816,1110.9952787160873,42.07717406749725,447.7600417137146,19436.34043073654,643.5698184967041,229.93120527267456,1121.536120891571,341.924916267395,170.78201499581337,236.34872579574585
1923,553.6862926483154,435.8857479055023,985.7808074951172,277.9410150051117,76.78058910369873,405.36143684387207,465.0448155403137,1130.9678382873535,985.8755572363734,1328.7228307724,165.5826369166374,701.6781270503998,701.6781270503998,112.58115549087523,160.83022212982178,48.24906663894653,45.00113068024318,25.200633180936176,1617.0955142974854,52.66932334815662,1241.376838684082,966.2624710202217,506.36529445648193,2236.846092224121,0.0,617.3769073886872,3527.2957010250093,1734.1570949554443,988.1086120605469,1655.96903860569,69.62932467460632,665.38252389431,20688.408041000366,1030.2822561264038,259.0611221790314,1228.8334999084473,344.9257969856262,206.67760603129864,240.1726096868515
1924,530.8869380950928,331.1416981655311,881.0015106201172,291.87997233867645,55.106318309903145,370.56928062438965,328.82598904520273,1447.3377742767334,786.6374514475465,1248.3535165786743,120.7876043498516,518.8975744247437,518.8975744247437,80.70956854820251,115.2993836402893,34.58981509208679,17.50905352830887,9.805069975852966,270.76057529449463,20.492596249532703,75.95027160644531,243.5382342338562,122.70430302619934,2469.82430267334,1112.0,214.61306972026824,1798.3168036508562,450.0380697250366,266.38628578186035,448.37644362449646,17.191139817237854,180.7700810432434,5961.31912612915,264.80753803253174,62.60415506362915,299.87083625793457,58.066689014434814,54.580387592315674,40.128342032432556
1925,555.9372906684875,444.2356727077675,996.4033794403076,222.29928588867188,74.32951986789703,400.29109048843384,327.9719725102186,1191.6255569458008,882.1713383793831,1338.478892326355,167.70106914639473,340.052357673645,340.052357673645,99.85495867729186,142.64994096755981,42.794982290267946,43.1129110455513,24.143230185508724,631.4397785775363,50.45935108771324,1165.4265670776367,356.8145518526435,180.30154660716653,2479.96720123291,248.0,519.7500001916885,2511.963827669859,658.005181774497,387.4351845383644,648.7426800727844,25.21575223840773,261.64090967178345,10748.568272799253,387.07817655801773,96.71992951631546,474.5124629884958,135.0438117980957,79.62527569383383,93.3251748085022
1926,536.6895871162415,421.7565640943718,905.7352848052979,218.41052317619324,74.32168126106262,376.3038182258606,435.7219605445862,1473.8582973480225,752.8752662999677,1266.7693901062012,128.9291019976139,378.26995182037354,378.26995182037354,87.86058535575866,125.5151219367981,37.65453658103943,43.20905542373657,24.197071037292478,695.9594960212708,50.57187846794128,75.95027160644531,413.9983699321747,214.7811604142189,2442.563621520996,0.0,266.3545595698357,2154.003342418194,745.9279916286469,427.4722390174866,714.9105134010315,29.724402964115143,288.31800603866577,12100.861187458038,442.4686131477356,110.01262319087982,530.2029234170914,148.82266426086426,89.38379091396928,102.8473756313324
1927,559.4859209060669,446.2796124111557,1012.0862312316895,225.4369422197342,79.20110601186752,403.4757704734802,479.0073057413101,1208.6215629577637,954.5975451469421,1349.7178144454956,170.16495391130445,441.63706970214844,441.63706970214844,111.74428453445434,159.63469219207764,47.89040765762329,43.93055127064387,24.601108711560567,1830.482127904892,51.41631720716159,1165.4265670776367,937.127275466919,436.5702815055847,2169.728317260742,0.0,632.5093663544656,3435.755493503094,1151.640148639679,469.54270935058594,940.9215035438538,43.53943383693695,379.20937609672546,20611.907707691193,688.5539741516113,297.1682651042938,1275.4028494358063,391.69481086730957,182.13825303316116,271.8655471801758
1928,561.0751028060913,446.63632599363325,1021.5471515655518,246.79733085632324,79.00800609588623,404.8320050239563,499.48130798339844,1169.970869064331,988.5111850289213,1355.4517793655396,171.1777555167675,762.2137660980225,762.2137660980225,103.8481725692749,148.3545322418213,44.50635967254639,44.27889249722163,24.796179798444108,1370.7777826786041,51.82401577874819,1079.648536682129,918.2038711309433,494.05481004714966,2175.0500106811523,0.0,579.6365693683624,3405.0471145181655,2124.9517788887024,1317.0200605392456,2197.3271055221558,83.70013725757599,885.497953414917,20066.718955516815,1142.5881118774414,174.1042160987854,1123.410450220108,293.73355770111084,219.06024753302336,202.26047611236572
1929,517.1474206447601,402.49467663418767,814.8424348831177,269.9523754119873,55.10567386448383,354.45326137542725,351.18037329241633,1374.6022119522095,628.1449750894444,1197.9659070968628,96.31725359261036,558.3051738739014,558.3051738739014,69.4339907169342,99.191415309906,29.7574245929718,27.342857162157696,15.312000010808308,596.3733600452542,32.00208002258937,75.95027160644531,426.82279711961746,266.3633781224489,2451.759017944336,0.0,127.81112930071356,1702.9615270351171,596.4091691672802,534.9388465881348,778.8881630897522,36.22064647823572,314.202175617218,11128.704285025597,578.8013247847557,127.53464455902576,497.5165434330702,128.25873851776123,87.2968948353082,74.20233798027039
1930,529.2861747741699,419.1972215920639,873.7023010253906,234.68313264846802,74.32951986789703,370.6687579154968,341.6088018864393,1488.373797416687,801.7279286113062,1244.9367380142212,124.43855088949203,340.052357673645,340.052357673645,82.34366436004638,117.6338062286377,35.290141868591306,25.78309710820516,14.438534380594888,275.95179855823517,30.176536855443317,0.0,154.70237830281258,76.22902005910873,2479.96720123291,0.0,243.3200151001215,1736.707270985961,291.1369426250458,169.33164501190186,283.5214464664459,10.779654528945684,114.34993755817413,4711.687219500542,170.1542317867279,42.70625399053097,212.52485781908035,59.01590299606323,35.51949420571327,40.784317433834076
1931,508.1603960990906,310.4761874185848,774.3429746627808,291.9897527694702,55.12218426167965,345.7138681411743,295.09040385484695,1379.418604850769,671.1397070613039,1168.4222764968872,86.2829288572073,235.87339401245117,235.87339401245117,74.21601037979126,106.02287197113037,31.80686159133911,8.52249284585317,4.772595993677775,840.9892156124115,9.974725626786551,0.0,464.8835838288069,251.4568407535553,2532.6315002441406,1112.0,176.8986839761734,2094.0459181962015,823.5421565771103,493.6934232711792,810.0219956636429,30.74785305559635,321.3928299546242,13794.937220573425,477.1620913743973,122.34189930558205,615.6453768014908,180.495041847229,102.38486752659082,124.51456928253174
1932,503.93806552886963,309.90257007803916,759.91552734375,282.1621044278145,74.29431462287903,343.0354092121124,318.944574162364,931.6008911132812,591.2361585822418,1157.6464462280273,85.48397096097469,339.91190695762634,339.91190695762634,77.76467070579528,111.0923867225647,33.32771601676941,42.77005670468013,23.95123175462087,594.7602740228176,50.05807436715762,1162.7939758300781,378.53335483931005,202.8764181882143,2468.9316635131836,153.0,226.60883907222748,1894.7267896089554,688.2626284584403,389.3761637210846,669.4268326759338,28.14995290711522,274.7029929161072,10398.809695020318,416.16676449775696,99.92259475588799,469.8458554595709,127.18934106826782,80.07064672373235,87.89716267585754
1933,505.2002258300781,310.4655188406658,761.7350263595581,273.9154460430145,55.12218426167965,343.7432179450989,238.63136512041092,1317.3843975067139,592.1807203156677,1160.1448106765747,85.58095594346523,236.0460033416748,236.0460033416748,78.51650400161742,112.1664342880249,33.64993028640747,44.181139290332794,24.741438002586364,879.1269173622131,51.709605425405506,75.95027160644531,479.22556388378143,265.24849504232407,2532.6315002441406,0.0,228.87795729207994,2203.260760976791,1013.6610956192017,509.4788966178894,831.9675393104553,32.80998548865318,328.57592964172363,14258.90648150444,499.7767102718353,128.6468267440796,644.5347104072571,188.79480934143066,107.31062368303537,130.18136930465698
1934,505.01033210754395,309.8664020576906,761.3980960845947,289.3128228187561,55.12721063196659,343.52256774902344,202.08838780596852,1365.4588136672974,641.5210752351322,1159.4664182662964,85.49389790296554,197.91879272460938,197.91879272460938,78.51650400161742,112.1664342880249,33.64993028640747,23.920979380607605,13.395748453140257,389.22957968711853,27.99711426706314,0.0,272.26030814647675,151.87432861328125,2565.890914916992,1112.0,228.87795729207994,1760.8578987259864,492.5078763961792,270.8666310310364,479.1369309425354,21.01031130552292,198.9672154188156,7040.136480331421,303.78904819488525,70.73493385314941,321.50898694992065,83.26748085021973,55.488626539707184,57.54393672943115
1935,536.2749028205872,427.21640941816327,907.4062776565552,217.44488108158112,76.83808708190918,379.07516503334045,409.10465697944164,1094.231533050537,869.0685551166534,1270.4950771331787,138.191815918684,339.9807035923004,339.9807035923004,99.49805064201354,142.14007234573364,42.64202170372009,43.28304455677668,24.23850495179494,1779.0451377779245,50.65847534925143,786.4081344604492,892.4912089034915,409.9079835191369,2355.1193618774414,278.0,505.119575858593,3098.3570044012067,1100.8823521733284,455.7341521382332,915.4612851142883,40.62995420396328,368.73834228515625,19291.647542595863,654.4985672831535,285.69133354723454,1234.1557689160109,380.8582572937012,175.9212129805237,264.21891689300537
1936,557.9076457023621,445.28218346406936,1007.5780010223389,250.31935501098633,76.6377694606781,402.2134635448456,474.2192192077637,1154.8962116241455,903.1449411375725,1345.7778425216675,169.40902743935584,663.5039978027344,663.5039978027344,112.74012575149536,161.05732250213623,48.31719675064087,43.39453673362732,24.300940570831294,1424.6036210656166,50.78896579303741,1238.7442474365234,781.4498920440674,356.086072653532,2254.911376953125,0.0,631.9095408439637,3413.231697845459,1360.5179171562195,712.2410807609558,1347.1114909499884,47.99186533689499,542.8806222677231,18991.991723060608,688.1024279594421,182.30248641967773,1077.310985982418,305.25939506292343,176.29526410624385,210.36987102031708
1937,545.009868144989,429.43762487947464,943.8564834594727,252.49325370788574,76.78231406211853,385.91997742652893,498.2156009674072,1084.8479919433594,905.5607146944458,1296.5591259002686,142.36282413601876,665.7394180297852,665.7394180297852,109.24162712097167,156.05946731567383,46.81784019470215,44.06449755032857,24.676118628183996,1467.82222032547,51.57308793290456,1241.376838684082,872.1805548667908,485.8712854385376,2258.858123779297,0.0,592.3741660938263,3701.965832075119,1960.4848766326904,860.3903770446777,1437.0979380607605,61.37228739261627,579.0698071718216,20814.111702919006,916.7553634643555,238.05505084991455,1114.4772453308105,314.5471680164337,185.23594284057617,216.78048253059387
1938,560.5875034332275,446.2824344196701,1016.7407760620117,233.35093420743942,79.15875005722046,404.2111089229584,465.4851322174072,1164.9050674438477,827.5025629862612,1352.8010654449463,170.54309219121933,736.0650997161865,736.0650997161865,115.82009410858153,165.45727729797363,49.63718318939209,42.92165933052699,24.036129225095113,2023.5015115737915,50.23551008044879,1241.376838684082,1118.6101573109627,592.9986453056335,2110.8678665161133,0.0,773.7406355361938,4155.088519393921,1946.7255973815918,752.142840385437,1300.7119116783142,61.11615002155304,522.1775531768799,27096.272653579712,991.1293087005615,355.07139778137207,1461.7187995910645,431.78491258621216,217.35201992094517,301.2718391418457
1939,537.6022982597351,422.8363790505981,908.1704902648926,343.27898347377777,74.29591709375381,377.38181257247925,417.3411796092987,1477.2520332336426,799.0674592033029,1270.0630502700806,129.11397403478622,727.5634641647339,727.5634641647339,89.86364288330077,128.3766326904297,38.5129898071289,42.62524940570196,23.870139667193097,1216.3888473510742,49.888591904433575,75.95027160644531,858.8605998158455,430.3720178604126,2351.6472244262695,0.0,329.39779005813597,3090.6208226699828,1265.1088914871216,690.6529474258423,1746.1333014965057,48.881700456142426,703.7375922203064,21744.692820072174,728.2560062408447,223.81570768356323,1151.3012075424194,339.8674097061157,181.97609566152096,234.67984867095947
1940,558.554633140564,446.57622035682675,1010.8309383392334,235.21767234802246,79.04607862234116,403.17741227149963,472.0470335483551,1206.3295593261719,1010.4612048729105,1348.441159248352,170.34284455776213,413.41076850891113,413.41076850891113,110.97733974456787,158.5390567779541,47.56171703338623,43.374033788839974,24.289458921750384,1338.8914642333984,50.764969146458306,1162.7939758300781,699.9096254855394,316.67706698179245,2264.688262939453,0.0,657.9975086326599,3304.0817259697915,1229.262487769127,642.9283410906792,1223.2439934015274,43.00141827017069,492.9738091826439,17301.605930805206,612.8753910064697,171.07333593070507,968.2701740860939,287.04877185821533,158.9251986593008,197.66170454025269
1941,562.6850543022156,446.5066881746674,1025.637363433838,193.7494900226593,79.15702104568481,405.6020998954773,505.9051525592804,1174.4204730987549,964.6178086325526,1358.657597541809,170.70210261344909,764.4781131744385,764.4781131744385,115.82009410858153,165.45727729797363,49.63718318939209,44.118226369222,24.70620676676432,1933.8474397659302,51.63597214253743,1241.376838684082,1050.6604108810425,532.1072323322296,2088.8558349609375,0.0,731.0606892395019,3761.122102470398,1546.7931456565857,683.4774742126465,1360.3883481025696,57.13461971282959,561.8254210948944,21654.507432460785,941.8548793792725,350.2161521911621,1389.1105337142944,413.01633524894714,202.97712674736977,287.3476629257202
1942,525.758406162262,445.45388292993545,961.7402801513672,213.84050965309143,79.15702104568481,405.49953746795654,484.4939455986023,1102.0358028411865,767.2206461951137,1282.9412260055542,169.20187593102455,791.5736675262451,791.5736675262451,115.82009410858153,165.45727729797363,49.63718318939209,45.02467592557271,25.213818518320718,1808.6077880859375,52.696880703290304,1241.376838684082,1099.8442730903625,580.7551755905151,2078.8119201660156,0.0,768.2973490695954,3878.5356100673675,2028.4212226867676,1171.7317218780518,1948.29727435112,81.70305800437927,784.6029925346375,21783.410537719727,1200.4289321899414,287.4404134750366,1388.1751346588135,385.7944769859314,237.15166261792183,268.9216299057007
1943,562.6944651603699,445.99453751091005,1025.6575508117676,252.1203554570675,79.15702104568481,405.61369800567627,505.5388388633728,1174.4442825317383,1029.9111931845546,1358.6922845840454,170.99338626861572,791.5736675262451,791.5736675262451,115.82009410858153,165.45727729797363,49.63718318939209,44.95175743103027,25.172984161376952,1914.227680683136,52.61153689727784,1241.376838684082,1136.1384571790695,591.6159257888794,2078.8119201660156,0.0,735.270970155716,3917.4648523693086,2090.5819883346558,1151.2812881469727,1939.017399072647,81.13258075714111,779.4555857181549,22880.713036060333,1200.5333499908447,304.43180990219116,1450.1300058364868,408.51068782806396,243.1821836233139,285.10418796539307
1944,536.0967750549316,421.76125312122343,905.5451030731201,248.91780519485474,74.26257652044296,376.4312551021576,438.1893231868744,1474.0240020751953,786.6030869584847,1266.7567777633667,128.77962967157364,727.2144479751587,727.2144479751587,91.38517837524414,130.55025482177734,39.1650764465332,44.27889249722163,24.796179798444108,881.7250895500183,51.82401577874819,1079.648536682129,680.3710422515869,404.75458812713623,2347.901153564453,0.0,429.3544868717194,2742.1867559375764,1755.6009635925293,1193.41206741333,1824.906099319458,72.89446485042572,728.6680746078491,16252.46044921875,1026.2948589324951,126.76391077041626,783.0480813980103,188.89607048034668,165.5835247039795,130.25118744373322
1945,558.9461417198181,447.2685102606964,1009.4142093658447,240.79253959655762,76.82467073202133,403.22162079811096,480.9691255092621,1205.8067722320557,995.8977460861206,1348.3739013671875,170.3362412214279,378.7526378631592,378.7526378631592,110.82525815963744,158.32179737091064,47.496539211273195,44.13855644067128,24.71759160677592,1564.4611647129059,51.65976645816167,1241.376838684082,867.8069548010826,435.41906797885895,2317.718574523926,0.0,612.0323954725266,3437.230452094078,1467.667572259903,628.3259239196777,1229.4591652154922,49.39852386713028,501.8162088394165,20519.4458694458,718.9867496490479,232.88208079338074,1136.9549201726913,335.2382483482361,178.01364644616842,231.45197200775146
1946,563.0194602012634,447.50998913923263,1026.3547897338867,276.53449404239655,76.78231406211853,406.0140013694763,455.42431831359863,1175.2666568756104,999.7907770201564,1359.8902311325073,171.62929126620293,665.7394180297852,665.7394180297852,115.00671100616454,164.29530143737793,49.28859043121338,44.282319168249764,24.798098734219867,1578.2052240371704,51.82802635451952,1241.376838684082,946.256597995758,495.37735176086426,2258.858123779297,0.0,633.0709901485443,3552.0121146717074,1689.9280223846436,963.0859203338623,1606.5946666002274,67.94207489490509,647.4789814949036,21167.861167907715,1008.7653636932373,252.9804811477661,1203.6339673995972,338.0694260597229,202.16451688110828,233.47002410888672
1947,558.3566737174988,443.4120914678001,1005.5379905700684,245.54849815368652,74.2969257235527,401.17608404159546,448.10731410980225,1583.7490787506104,870.2051630988717,1344.0786781311035,166.33275446295738,664.0205373764038,664.0205373764038,92.42408399581909,132.034405708313,39.61032171249389,44.28522328535716,24.79972503980001,891.1421917080879,51.831425333182025,75.95027160644531,620.7977074086666,363.7191123366356,2383.703170776367,0.0,431.54103194713593,2622.6937145090105,1349.7239022254944,895.6353852748871,1335.7187099456787,57.44247625768185,531.4384622573853,15826.363732457161,856.9500515460968,154.1464480161667,738.3729121685028,190.34493780136108,139.33004802279174,131.25024247169495
1948,557.9507193565369,402.30997802927016,1008.405839920044,229.6006864309311,76.67434877157211,402.16306710243225,408.7206380367279,1203.6146984100342,967.9772643907181,1345.7762079238892,169.18714528679845,378.03827476501465,378.03827476501465,97.1402039527893,138.77171993255615,41.631515979766846,33.63814687728882,18.83736225128174,1178.3353711366653,39.37008710517884,1003.6982650756836,678.1486401557922,327.48206186294556,2312.6943588256836,0.0,498.88352266788485,2849.9125798499585,1177.5364346504211,596.396844625473,1151.9870874881744,44.2174154818058,470.5405772924423,16010.137843608856,611.2471885681152,162.98534727096558,883.6515643596649,253.71821212768555,146.84734976291656,174.8004846572876
1949,560.8372540473938,446.92297227090836,1017.0557231903076,261.6668510437012,74.2969257235527,404.18724250793457,427.7050676345825,1165.2111568450928,938.7880287691951,1353.191234588623,170.64913740754128,665.2282991409302,665.2282991409302,89.92960000038147,128.4708571434021,38.54125714302063,40.47009597222011,22.663253744443256,514.7568807601929,47.36620032588642,982.8485336303711,371.6342635154724,229.5930414199829,2383.703170776367,0.0,435.5121523218155,2226.5878426332474,719.1238222122192,479.183744430542,675.0629291534424,32.710782408714294,272.17994809150696,9305.871824264526,523.652156829834,114.34174156188965,434.8192501068115,110.08625507354736,76.63172912597656,76.07767927646637
1950,541.2913522720337,426.32438870794294,926.2078323364258,258.03644597530365,76.82467073202133,381.62765169143677,461.47754645347595,1065.4996528625488,797.4821762766496,1283.2501134872437,135.64551357626914,378.7526378631592,378.7526378631592,90.73523626327514,129.62176609039307,38.88652982711792,44.11480780442556,24.704292370478314,1199.5994223356247,51.631971054299676,1079.648536682129,655.6103873252869,306.9762495160103,2317.718574523926,0.0,449.5070808649063,2700.538756775856,1126.2947344779968,572.3871946334839,1088.0509405136108,41.26339250802994,438.43703842163086,16221.360271453857,569.5466704368591,157.5652678012848,873.7967818975449,257.05086278915405,144.11400489509106,177.00134074687958
1951,560.3756837844849,446.81344808148384,1015.1575870513916,258.3425785303116,79.15875005722046,404.256388425827,512.8198142051697,1163.2888221740723,995.3098292350769,1352.50172996521,170.33343616127968,701.0927772521973,701.0927772521973,113.32168145179747,161.8881163597107,48.566434907913205,44.24165894587834,24.77532900969187,1838.6586990356445,51.78043763025602,1241.376838684082,954.7314989566803,485.87945079803467,2210.8520278930664,0.0,552.0254198541642,3618.040818434715,1349.126750946045,542.646785736084,1042.5650346279144,45.54465961456299,405.2325723171234,24672.599937319756,752.3694801330566,309.2704105377197,1283.949598312378,392.20207166671753,184.2018338739872,273.5782279968262
1952,561.5939784049988,445.92973533237455,1023.8627548217773,245.2707977294922,79.00800609588623,405.15480518341064,500.50307607650757,1172.4374923706055,843.5047715231776,1356.8672399520874,170.3689091324806,762.5528888702393,762.5528888702393,115.60278072357177,165.14682960510254,49.54404888153076,43.63268796602885,24.434305260976153,1880.4631271362305,51.06769799544016,1238.7442474365234,1121.5258655548096,584.6571884155273,2085.307060241699,0.0,773.8030708904266,3992.9248977451325,2056.2932090759277,918.7932033538818,1937.8652710914612,71.26977849006653,780.0443361997604,22979.783334732056,1126.3188247680664,298.1923198699951,1430.1789779663086,401.88914585113525,240.55763384699821,279.40915155410767
1953,562.7371315956116,446.22119555474757,1025.749080657959,241.98880541324615,79.15702104568481,405.66624212265015,505.5388388633728,1174.552267074585,1022.6591482833028,1358.8495454788208,170.60533406734464,791.5736675262451,791.5736675262451,115.82009410858153,165.45727729797363,49.63718318939209,45.13939525683721,25.27806134382884,1660.2130813598633,52.83114820860227,1241.376838684082,1036.9322428703308,550.6341457366943,2078.8119201660156,0.0,654.0892561683655,3740.588573688507,2064.7812843322754,1223.3733806610107,2040.6486283540726,82.43921673297882,820.8630015850067,21129.35968399048,1180.1259479522705,248.6202268600464,1296.5302257537842,354.17044734954834,230.87712661921978,246.59903645515442
1954,562.7119851112366,446.46922242256164,1025.6951522827148,232.9711742401123,79.15702104568481,405.6352734565735,503.3194923400879,1605.5124855041504,1030.969963349402,1358.7568521499634,170.93809325695037,764.0758094787598,764.0758094787598,107.80432519912719,154.006178855896,46.2018536567688,43.72832862536113,24.48786403020223,1453.7773789167404,51.179635823122666,1079.648536682129,922.237102150917,488.7452152967453,2178.7960815429688,0.0,563.3573584098816,3412.219347179413,1915.309918165207,1149.1686611175537,1920.4299056529999,75.92534303665161,773.9385235309601,20871.540205717087,1070.3296642303467,206.55429005622864,1150.400184392929,311.5042984485626,209.9679340273142,214.64469122886658
1955,541.1720366477966,425.52566650625226,926.0425567626953,253.86604261398315,74.29591709375381,381.41602206230164,452.75926208496094,1545.0488147735596,847.3654156428938,1282.7076454162598,135.8153229176998,699.7154601812363,699.7154601812363,91.77272229194641,131.10388898849487,39.33116669654846,42.98829472064972,24.07344504356384,592.2810560464859,50.31350014104843,75.95027160644531,441.1651668250561,274.0944103002548,2361.6911392211914,0.0,448.27920305252076,2352.8284404087067,899.5919725894928,605.3592944145203,861.9774479866028,40.62750995159149,347.51843452453613,11009.866854906082,638.04159116745,128.8238823413849,509.910071849823,126.63182163238525,92.81276538223028,87.51187705993652
1956,559.1642713546753,446.8496844932365,1013.3320999145508,267.0713703632355,79.04607862234116,403.6046493053436,476.52271139621735,1209.0142402648926,929.8104538781345,1350.1794300079346,170.2274025976658,440.9227066040039,440.9227066040039,113.03523163795471,161.4789023399353,48.44367070198059,43.36558165152867,24.284725724856056,1860.278663635254,50.755076764949166,1162.7939758300781,955.0737785100937,461.1466398239136,2164.7041015625,0.0,719.6598481492997,3771.585129000664,1302.1172552108765,475.3215618133545,957.8876707553864,42.93965137004852,384.8092110157013,21297.469826698303,686.7679023742676,300.3271861076355,1288.2764797210693,397.3507218360901,183.50415374338627,276.8136773109436
1957,562.9161367416382,421.4264198300171,1025.9781303405762,246.46723049879074,79.15702104568481,405.9287796020508,481.5731029510498,1174.856882095337,1035.2391328662634,1359.5754766464233,170.41271581649778,764.0758094787598,764.0758094787598,101.2972590446472,144.71037006378174,43.41311101913452,45.04759897788365,25.226655427614844,1261.389753818512,52.72370984371503,1241.376838684082,866.1831214427948,472.6361974477768,2178.7960815429688,0.0,516.6558776397706,3237.8447360401155,2047.9318022727966,1283.0660514831543,2122.902603149414,81.31974732875824,855.5426254272461,19050.677274227142,1107.201738357544,160.00249242782593,1046.636789560318,269.71631717681885,207.3930688649416,185.72257804870605
1958,562.5750255584717,445.62750941287993,1025.4013214111328,217.19782280921936,79.15702104568481,405.46656036376953,503.6147484779358,1174.1420307159424,905.4405825659633,1358.2519855499268,170.64877799749374,764.4781131744385,764.4781131744385,114.24387145042418,163.20553064346313,48.96165919303894,44.118226369222,24.70620676676432,2015.0821824073792,51.63597214253743,1241.376838684082,1085.7190926074982,573.5930321216583,2088.8558349609375,0.0,765.2886122465134,3940.896176838875,1739.424578666687,693.8896141052246,1190.9617161750793,58.01097357273102,479.95561242103577,24211.4768614769,958.5172519683838,352.9415497779846,1444.2262721061707,431.2377281188965,210.48755176365376,299.30784797668457
1959,562.7879071235657,446.5773421114159,1025.8579921722412,282.81117033958435,76.78058910369873,405.72877836227417,488.7152910232544,1605.7830905914307,1013.3187225237489,1359.0366897583008,171.41271139979364,728.7736835479736,728.7736835479736,102.36000566482544,146.2285795211792,43.868573856353756,44.91861381133398,25.154423734347027,1347.195538520813,52.57274560478529,75.95027160644531,1012.5566613674164,545.9154200553894,2226.802177429199,0.0,523.9884693937302,3421.027550198555,2039.3389568328857,1352.3507995605469,2241.822398662567,88.02909755706787,903.4867281913757,22868.466034412384,1226.3099002838135,180.25249528884888,1243.7311577796936,329.76851987838745,234.18763879686594,227.68161463737488
1960,536.1200466156006,421.79806293764113,905.5909767150879,252.0003261566162,74.26352918148041,376.4591546058655,468.3185670375824,1521.9183292388916,760.6741490329514,1266.8413496017456,128.46251581311225,662.4971933364868,662.4971933364868,88.16757435798644,125.95367765426636,37.786103296279904,25.41487459341685,14.232329772313436,655.8867270946503,29.745569224135085,0.0,358.1002098172903,176.07371777296066,2379.7564239501953,1112.0,379.07989036846163,2225.7732801909447,674.4459745287895,407.32050293684006,681.9097167253494,24.926181197166443,275.0579196512699,11000.26122623682,394.1665025949478,99.0039336681366,492.78682094812393,140.26156091690063,82.39928038418293,96.93102884292603
1961,556.0076985359192,444.1972122136688,996.5308628082275,268.519320897758,74.32168126106262,400.1549527645111,369.2839426994324,1622.8862190246582,919.192474931544,1338.3826360702515,166.89917871952056,378.4147616624832,378.4147616624832,86.5481521129608,123.64021730422974,37.09206519126892,17.507572849591572,9.80424079577128,1031.861787557602,20.490863263161977,0.0,567.0798328518867,300.99359452724457,2442.563621520996,1610.0,371.8373542842865,2606.568388296604,1154.4878940582275,597.2958545684814,973.9289588928223,37.532166093587875,384.57450914382935,17113.248747825623,578.4849073886871,149.41891288757324,751.4553076028824,221.01516485214233,124.78661306202412,152.3985571861267
1962,562.1455540657043,447.07761372388836,1022.5842914581299,259.89770317077637,76.82467073202133,405.45179057121277,461.47754645347595,1219.937879562378,998.010085105896,1357.477484703064,170.82059819102287,378.7526378631592,378.7526378631592,100.4955307483673,143.565043926239,43.069513177871706,43.04626695315043,24.105909493764237,1540.866512190085,50.38135084196726,1165.4265670776367,856.7062233486213,411.4451895742677,2317.718574523926,0.0,526.6121957979203,3120.7429645051957,1346.7540221456438,647.3932919688523,1266.296679019928,50.90431686700322,517.7266540527344,19624.15413189307,731.3956653252244,228.35538004431874,1129.1759187206626,330.20546674728394,178.87737364694476,227.8712878227234
1963,521.8916530609131,445.25472082396504,953.4448204040527,205.83097505569458,79.15875005722046,405.6054935455322,494.69575119018555,1092.2511768341064,994.4843304678798,1268.687762260437,168.80361393094063,728.6008777618408,728.6008777618408,113.77170176506041,162.5310025215149,48.759300756454465,44.225685119628906,24.766383666992187,1146.0850439071655,51.76174186401368,1241.376838684082,721.4517612457275,354.14331245422363,2110.8678665161133,0.0,646.1520367126466,3316.855968486786,1308.9854555130005,778.8667068481445,1274.391939163208,49.305896043777466,504.7919673919678,20442.567138195038,759.3636455535889,194.69251203536987,923.0114603042603,246.14304542541504,162.27217343449593,169.72521555423737
1964,540.3763694763184,426.60689124937056,925.1010093688965,294.13572216033936,74.26257652044296,381.26224851608276,481.0468165874481,1495.5708675384521,880.838471762836,1281.895266532898,136.38229464888573,725.7766389846802,725.7766389846802,93.8844705581665,134.12067222595215,40.23620166778564,39.28029843171438,21.99696712176005,1237.745521068573,45.97366128447851,75.95027160644531,724.2838577032089,354.43579959869385,2347.901153564453,0.0,460.51323362445834,2808.0593688573836,1254.4531393051147,631.7409372329712,1221.6873083114624,47.777226865291595,500.4332323074341,17864.819973945618,656.5730304718018,173.44735157489777,931.15025806427,264.9789614677429,155.10507378727198,182.4605004787445
1965,558.0875067710876,445.16175015325547,1006.0498504638672,266.0256004333496,79.20110601186752,401.9220039844513,501.605513215065,1201.985523223877,981.5006484985352,1344.812967300415,169.22971455454825,441.63706970214844,441.63706970214844,111.06895232200623,158.66993188858032,47.6009795665741,43.950342635313675,24.612191875775654,1254.010025024414,51.439481020371126,1165.4265670776367,750.4939469695091,393.355676651001,2169.728317260742,0.0,666.0360796699524,3278.64330973053,1350.4263744354248,770.7660388946533,1288.623456954956,54.19644868373871,518.3910441398621,17464.565902233124,800.9231081008911,200.0986089706421,954.3305330276489,267.8468687534332,160.77166025340557,185.25747573375702
1966,562.9325547218323,446.686742037425,1026.1683254241943,294.33416080474854,76.78058910369873,405.906964302063,466.9689016342163,1606.2986450195312,1000.1247251555324,1359.5698957443237,171.22280184626578,728.7736835479736,728.7736835479736,107.15010795593261,153.07158279418945,45.921474838256835,44.771691620349884,25.07214730739593,1880.8280601501465,52.4007878724575,982.8485336303711,972.5169768333435,487.2996473312378,2226.802177429199,0.0,560.6211796283723,3478.6037875652314,1227.2497901916504,556.4533061981201,1034.097501039505,46.702125787734985,415.1326587200165,20850.48621749878,771.4605464935303,316.54432487487793,1314.167730331421,401.2906165122986,188.6112743616104,279.8583345413208
1967,562.3943057060242,445.3913451547241,1025.013614654541,207.548069357872,79.15875005722046,405.2439684867859,475.18403816223145,1222.381576538086,823.4565709158778,1357.5858526229858,170.0974709510803,728.6008777618408,728.6008777618408,115.0477750301361,164.35396432876587,49.30618929862976,43.21208826700846,24.198769429524734,1638.7569477558136,50.575428107706706,1241.376838684082,961.1838443875313,443.8088264465332,2110.8678665161133,0.0,770.3001232147217,3727.85027923584,1426.0929954051971,694.2150039672852,1315.2124063968658,51.63901025056839,529.1274375617504,20846.551211595535,794.425458908081,242.14464855194092,1285.9691226482391,350.04025077819824,202.15037654340267,242.64812231063843
1968,561.7981758117676,447.5708598927307,1024.300832748413,264.3264856338501,76.63628005981445,405.40632486343384,506.63944244384766,1604.2336826324463,1011.3120477572083,1357.6199560165405,171.48895800709724,726.895694732666,726.895694732666,111.14101505279541,158.7728786468506,47.631863594055176,36.066184759140015,20.197063465118408,1877.3401184082031,42.21186264209748,75.95027160644531,1007.7397023439407,517.2136268615723,2223.056106567383,0.0,589.0251110439301,3855.0404676647186,1541.6082110404968,686.4289832115173,1244.875777721405,53.65793040394783,500.5746214389801,22152.10508441925,851.3551640510559,306.84244281053543,1339.525011062622,401.0500292778015,200.68501344323158,279.2979459762573
1969,562.879599571228,446.8205205640793,1026.0547332763672,258.8005760908127,79.15875005722046,405.8417272567749,465.4851322174072,1223.609567642212,906.5372784659266,1359.374701499939,171.17211550474167,736.0650997161865,736.0650997161865,115.3852684020996,164.83609771728516,49.450829315185544,42.72327208518982,23.9250323677063,2024.0138399600983,50.00331764850617,1165.4265670776367,1211.0878959298134,661.1862101554871,2110.8678665161133,0.0,772.2876741256714,4302.9072775802615,2567.3546142578125,1185.8929319381714,2259.9599509239197,84.66742360591888,908.7180305267684,27230.031960487366,1260.4390907287598,321.78480339050293,1531.1689729690552,431.80816888809204,256.1760826855898,660.5922260284424
1970,562.8163199424744,446.8312991709518,1025.4910221099854,270.8971290588379,79.15702104568481,405.8766074180603,505.5388388633728,1605.6924800872803,1005.1719153448939,1359.3187942504883,170.90471868515016,791.5736675262451,791.5736675262451,104.13120975494384,148.7588710784912,44.627661323547365,45.23264342546463,25.330280318260193,1837.264217376709,52.94028586516381,1241.376838684082,1057.3165612220764,551.0027914047241,2078.8119201660156,0.0,536.302776063919,3649.578873029709,1764.9117889404297,836.2636680603027,1484.0815212726593,62.1260244846344,596.3519830703735,23450.014808654785,953.9638957977295,292.27569675445557,1384.3787364959717,391.86389207839966,215.88046070933342,273.4225606918335
1971,563.040319442749,446.44959512929915,1026.3995304107666,284.41218852996826,79.15702104568481,406.0396947860718,505.5388388633728,1224.016263961792,1068.6490176394582,1359.9671297073364,170.79426063895227,791.5736675262451,791.5736675262451,110.61223459243774,158.01747798919678,47.40524339675903,44.24165894587834,24.77532900969187,1147.4525995254517,51.78043763025602,1241.376838684082,817.9935096502304,454.7046537399292,2078.8119201660156,0.0,584.7804796714782,3368.867853594303,1656.7469787597656,975.3458404541016,1607.0185195803642,63.16759514808655,638.0801018327475,19679.71035194397,962.9581623077393,166.00188398361206,972.3182954788208,245.50519919395447,196.14866445958614,170.0283486843109
1972,560.6844816207886,445.98080816257476,1019.4770565032959,286.8740468323231,76.63628005981445,404.1815161705017,506.63944244384766,1598.818645477295,953.6690833941102,1353.733769416809,169.5770000100136,726.895694732666,726.895694732666,102.70040731430053,146.7148675918579,44.01446027755737,40.481409331162766,22.669589225451148,1011.5738973617554,47.379441481192906,75.95027160644531,618.8803941607475,324.54994678497314,2223.056106567383,0.0,525.0216154918671,2850.7799596157074,1105.7611856460571,626.5876679420471,1054.364478111267,44.70823514461517,425.2376561164856,17775.992371559143,658.3966827392578,162.1266176700592,777.4015421867371,216.64627408981323,131.3285949230194,149.38603520393372
1973,562.9683418273926,447.47451639001844,1026.2451038360596,256.0392518043518,79.15875005722046,405.9510269165039,512.8198142051697,1223.8341121673584,997.8629202842712,1359.7018098831177,171.48644710183143,701.0927772521973,701.0927772521973,113.48424792289732,162.12035417556763,48.63610625267029,43.87566300233205,24.570371281305945,1823.1302523612976,51.35207597792944,1165.4265670776367,936.9239985942841,465.7058615684509,2210.8520278930664,0.0,661.765117198944,3831.8097682075504,1295.2783098220825,482.0452823638916,978.3802909851074,42.48121666908264,395.3908705711365,21222.989872694016,686.0669574737549,296.2895712852478,1266.2079668045044,388.8222255706787,180.66476529836655,271.50185108184814
1974,562.8876271247864,446.57479253495217,1026.071949005127,224.57265454530716,79.15702104568481,405.85161209106445,482.5698552131653,1174.933069229126,928.0088117644191,1359.4042825698853,170.60072982907295,764.4781131744385,764.4781131744385,115.82009410858153,165.45727729797363,49.63718318939209,44.18938157955806,24.74605368455251,1488.5870323181152,51.71925220071475,1241.376838684082,968.0555851459503,517.2634382247925,2088.8558349609375,0.0,769.3981568679809,3804.831490119934,2137.4348335266113,1305.2427234649658,2183.7120308876038,84.31006801128387,878.750632584095,20831.439109802246,1166.3430004119873,200.03730487823486,1194.8911056518555,317.75050592422485,225.9440859258175,220.47802329063416
1975,562.6502318382263,447.18855100021364,1025.5626373291016,239.14512154459953,79.15702104568481,405.55921030044556,505.5388388633728,1174.3323345184326,1035.0981545299292,1358.5292205810547,171.38506479263305,791.5736675262451,791.5736675262451,114.4784252166748,163.54060745239258,49.06218223571777,44.232945919036865,24.770449714660643,1833.8160209655762,51.77023990364075,1241.376838684082,1024.124456524849,526.3732461929321,2078.8119201660156,0.0,660.3469240398407,3577.6848439388277,1459.180965423584,749.7170448303223,1252.9092543125153,59.98660469055176,504.4364130496979,21054.23595237732,965.0048027038574,328.6176223754883,1337.0494022369385,391.8391830921173,201.43272033333778,272.3707056045532
1976,535.1851086616516,421.4677522588348,901.6958465576172,339.8537211418152,55.10567386448383,375.42044734954834,342.63203827291727,1469.290288925171,875.9995527490973,1263.563175201416,128.12194333076476,583.3847799301147,583.3847799301147,88.81506214141845,126.87866020202637,38.06359806060791,27.944539984067283,15.648942391077677,1268.5156035423279,32.70628959735235,75.95027160644531,752.6570089459419,385.7573003768921,2437.9690322875977,1112.0,324.5670343942642,2886.392193682671,1370.3668308258057,759.7694697380066,1785.9918060302734,50.36360311508179,719.76198387146,17964.715118408203,712.5601978302002,157.70830917358398,1049.1975626945496,305.6132164001465,175.91255562007427,210.4406383037567
1977,508.70172452926636,310.2389552629614,775.8745756149292,296.7159423828125,55.12721063196659,346.2565405368805,170.65688713267446,1381.494948387146,732.9860424995422,1170.222002029419,86.25487020015717,197.91879284381866,197.91879284381866,70.88515577316284,101.26450824737549,30.379352474212645,9.325265963872273,5.222148939768473,53.854160618036985,10.914291284116109,0.0,33.65302871353924,16.677726712077856,2570.0350799560547,1379.0,151.4928394651413,1311.5506691926719,63.03234422206879,37.80856812000275,63.4368180334568,2.3534865509718657,25.58152687549591,979.6379949972034,36.90133339166641,9.25053221732378,45.86833859980106,11.516594767570496,7.669299451634288,7.958811804652214
1978,555.9665026664734,444.37263754826546,997.9607706069946,232.1812014579773,79.21452236175537,400.92435693740845,367.1176870316267,1193.4233112335205,1014.6703657968164,1339.5492868423462,168.93329696953296,375.35319924354553,375.35319924354553,111.62209315299987,159.4601330757141,47.83803992271423,41.74888888994853,23.379377778371175,1941.27330160141,48.86289955679576,1165.4265670776367,950.3238864839077,428.8147569298744,2304.9525299072266,0.0,744.7376095111371,3718.1252534745936,1329.04476121068,497.95664405822754,1234.0332264900208,42.2552186883986,497.3887529373169,21799.480656951666,697.5086823403835,308.5150164142251,1337.3653404265642,415.9339408874512,189.74778562039137,288.585205078125
1979,562.0246858596802,446.58334831054685,1022.3695755004883,241.42671883106232,76.78058910369873,405.29083919525146,486.08970880508423,1170.9779109954834,995.7135122194886,1357.0129499435425,170.43241639137267,701.6781270503998,701.6781270503998,112.98933973312377,161.4133424758911,48.424002742767335,45.010465919971466,25.205860915184022,1570.0196763277054,52.68024931273461,1241.376838684082,1014.5124354809523,543.0724365413189,2236.846092224121,0.0,624.201530292511,3670.866583711624,2155.733600258827,1305.9080410003662,2172.3311500549316,85.77744674682617,875.4893136024475,21165.01629924774,1203.637776374817,221.5871206521988,1255.368494272232,336.4183440208435,232.52806835249066,232.29280304908752
1980,561.7732830047607,446.1437718691158,1024.2474060058594,249.4802484512329,79.00950002670288,405.3756642341614,512.3623332977295,1172.891212463379,1011.3120277449489,1357.5281791687012,170.42420163750648,698.8733024597168,698.8733024597168,115.60278072357177,165.14682960510254,49.54404888153076,42.871764202912644,24.00818795363108,1894.9717228412628,50.17711282308896,1238.7442474365234,1064.153042435646,560.1657161712646,2206.9052810668945,0.0,739.7343336601258,3858.0019814615252,1709.3782668113708,806.7317142486572,1631.4444313049316,62.453022837638855,657.4470779765397,24348.016416549683,985.3315839767456,323.65514302253723,1382.1543431282043,405.383080214262,211.80285263061523,281.4204581975937
1981,562.516731262207,446.7921371023178,1024.341926574707,240.472372174263,74.29591709375381,405.64822912216187,523.5867036581039,1604.4028205871582,1020.2634599581361,1358.4356632232666,170.6895726084709,699.7634382247925,699.7634382247925,97.5507453918457,139.35820770263672,41.80746231079102,45.13939525683721,25.27806134382884,1154.7292493581772,52.83114820860227,75.95027160644531,913.653232395649,504.1595939397812,2361.6911392211914,0.0,491.5569932355881,3150.337093630791,1310.718250989914,985.022219657898,2041.3409547805786,66.96790182590485,822.5844211578369,21130.57897210121,966.6767339706421,134.26061010360718,1099.0222687721252,297.76399517059326,205.44867224991322,205.0357836484909
1982,562.345263004303,445.6712493764877,1024.9083976745605,190.48701357841492,79.20110601186752,405.18355798721313,518.6608350276947,1222.2574462890625,781.4535286948085,1357.405083656311,170.76760157346723,441.63706970214844,441.63706970214844,113.9329921722412,162.76141738891602,48.8284252166748,42.6167090733846,23.865357081095375,2017.5506324768066,49.87859629948934,1165.4265670776367,988.2359189987183,475.1463765501976,2169.728317260742,0.0,768.9561678247452,3829.9635436792373,1399.794023156166,521.9046652317047,1044.2372039556503,43.83826619014144,420.7152582705021,22967.12456381321,726.0282606482506,320.959085136652,1393.1950127482414,431.46475994586945,197.63051110506058,299.57505106925964
1983,562.4989137649536,444.99426670898436,1025.2380180358887,213.80351543426514,79.15702104568481,405.37281227111816,589.650004863739,1173.9494228363037,742.4212716147304,1357.9714040756226,170.23768444061278,791.5736675262451,791.5736675262451,115.82009410858153,165.45727729797363,49.63718318939209,44.63840538263321,24.997507014274596,2023.826675415039,52.24478965983391,1241.376838684082,1152.3459556102753,594.0782041549683,2078.8119201660156,0.0,776.6095804252625,4460.4027537117,2170.6205139160156,888.1012153625488,1817.7598059177399,66.43262600898743,743.3035745490342,28124.296241760254,1024.9775886535645,321.77258682250977,1518.1578178405762,431.87021493911743,234.98472142219543,988.7737045288086
1984,561.78520154953,446.9515463809967,1024.2729892730713,280.1053216457367,79.00800609588623,405.3903398513794,502.39896154403687,1172.9213829040527,1016.4756706282496,1357.5721426010132,171.3783730983734,789.7148170471191,789.7148170471191,104.21837196350097,148.8833885192871,44.66501655578613,45.24792367219925,25.33883725643158,1833.0389404296875,52.95816986594201,1238.7442474365234,1046.6474463939667,544.3852005004883,2075.065849304199,0.0,682.8506850509643,4013.0204706497193,1744.522518157959,825.7168254852295,1434.321223974228,61.36938548088074,589.6166794300079,23295.582878112793,943.3471641540527,290.8924751281738,1372.2287483215332,391.7052936553955,213.9452547430992,272.55276107788086
1985,562.254430770874,446.0870754649925,1023.4168395996094,249.66225337982178,74.29591709375381,405.423424243927,439.06973814964294,1603.3074283599854,1005.4954724162817,1357.6233415603638,170.31004360318184,729.0012731552124,729.0012731552124,106.28640995025634,151.8377285003662,45.55131855010986,44.28522328535716,24.79972503980001,1715.7391624450684,51.831425333182025,75.95027160644531,1004.3244308233261,514.0248696804047,2351.6472244262695,0.0,554.9398766231537,3446.7170481014255,1815.2104167938232,1023.4354419708252,1972.4623029232025,71.22870421409607,794.91370677948,24349.04279613495,1045.8771343231201,261.4547166824341,1294.5009677410126,366.5911331176758,217.93260553479195,253.87410247325897
1986,561.7780756950378,446.1696445399284,1021.5370635986328,248.9388598203659,79.20110601186752,404.94561076164246,520.2141492366791,1218.72407913208,950.9939997568727,1356.035779953003,170.41104765534402,441.63706970214844,441.63706970214844,113.56676783561706,162.23823976516724,48.67147192955017,44.13855644067128,24.71759160677592,1608.6365966796875,51.65976645816167,1165.4265670776367,810.4134182929993,365.90084809064865,2169.728317260742,0.0,702.6912033691407,3469.439841869831,1188.820338010788,565.5412922501564,1101.141820192337,41.96588408946991,443.79286274313927,18700.09542632103,645.0178482532501,234.5945973545313,1133.9432935714722,344.54729986190796,171.85715921223164,238.2976474761963
1987,536.6750402450562,422.5032138836479,904.9969615936279,272.8184790611267,74.29591709375381,376.57666063308716,459.77280020713806,1447.1236419677734,841.960239158403,1267.175295829773,129.36032292246819,727.0664777755737,727.0664777755737,88.96692876815796,127.09561252593994,38.12868375778198,39.01432875792186,21.848024104436238,675.6664983034134,45.662370378271746,75.95027160644531,523.493095651269,319.9036239385605,2351.6472244262695,0.0,273.25556895494464,2312.0699504160884,1241.987452507019,843.815592288971,1272.3669877052307,53.34298548102379,512.9546368122101,12545.395041704178,790.0964775085449,122.61852467060089,602.405496776104,144.73424768447876,120.29914014786482,100.02198243141174
1988,529.5659103393555,418.17607585474013,877.4925117492676,272.09887409210205,55.12218426167965,370.4813950061798,306.9739427380264,1491.1157455444336,799.1045761108398,1245.9362869262695,122.99593945145607,235.3677167892456,235.3677167892456,81.89378957748413,116.99112796783447,35.09733839035034,24.50941077868144,13.725270036061604,191.30562434345484,28.685814375368757,0.0,123.53726654499769,61.321070209145546,2527.6072845458984,1112.0,231.8406077632904,1658.0808162870408,231.0730064511299,117.50200629234314,196.51283931732178,8.650584913790226,79.25067579746246,3558.7907742857933,135.3676593899727,33.91942319273949,156.60081002116203,40.90851807594299,27.043799778446555,28.27078664302826
1989,536.5714433193207,421.9720071043968,906.9009780883789,235.6256662607193,74.32951986789703,378.23993039131165,296.26801209151745,1093.4476356506348,813.6926538808202,1269.6650037765503,133.85381750464438,340.052357673645,340.052357673645,85.4230776309967,122.032968044281,36.6098904132843,28.57513956228892,16.002078154881794,948.4152490720153,33.444343343702954,0.0,701.4960750434548,335.66754696145654,2479.96720123291,0.0,338.02424015045165,2659.512455586195,757.6936305984855,666.9899056255817,1269.2525186538696,45.43434417620301,511.46629905700684,16961.969071641564,642.1618684828281,132.6880809739232,1009.1505468338728,299.8493957519531,165.83535267133266,206.47175478935242
1990,528.031063079834,416.9549388723373,865.617467880249,270.6148062944412,55.12218426167965,367.79427003860474,272.3223994374275,1430.8177394866943,663.2246894468362,1238.1557264328003,118.23170706629753,236.13230895996094,236.13230895996094,79.59100422859191,113.70143461227417,34.11043038368225,21.178415695826214,11.85991278966268,272.1264352835715,24.787217730395003,0.0,151.37537215370685,74.49452189542353,2532.6315002441406,1090.0,213.8686371598244,1664.917173365593,284.81730860099196,171.9987013041973,287.6400672197342,10.555270625278354,116.00662130117416,4672.376475933939,166.6738388389349,41.837576650083065,207.88307043164968,58.18565130233765,34.7309849858284,40.2105530500412
1991,507.50639295578003,310.742415586071,771.6556205749512,250.15443241596222,55.12721063196659,345.2610263824463,221.87466366961598,1376.5219230651855,723.1409911973888,1166.5662755966187,86.3412128150463,197.91879296302795,197.91879296302795,77.15260095596312,110.21800136566162,33.06540040969848,30.68859366575877,17.18561245282491,578.3190939426422,35.917930026404065,0.0,328.26453417539597,166.2608072757721,2570.0350799560547,1390.0,202.73366817474366,1838.2734738326074,604.0989838838577,354.8600730895996,594.1705713272095,23.229413583874702,239.6357204914093,9846.12586903572,355.618247628212,88.82650831341743,435.11544674634933,123.68192911148071,73.0530107319355,85.47328400611877
1992,528.0171139240265,334.17627246848105,872.0481271743774,241.14198887348175,55.12721063196659,370.86673045158386,196.52245208248496,1485.8852291107178,837.1239273276551,1243.8731727600098,126.95689762532712,197.42656207084656,197.42656207084656,81.52587094306945,116.46552991867065,34.9396589756012,26.13515790303548,14.635688425699868,405.49762535095215,30.58858880971273,0.0,253.93047523498535,135.15083289146423,2560.0426483154297,231.0,233.79876639413834,1810.5422222394943,447.3295202255249,248.82026767730713,416.6154272556305,18.486981868743896,168.02733898162842,7075.5692274570465,267.1500618457794,66.10602623224258,313.45606684684753,86.72125625610352,53.13502508401871,59.930747985839844
1993,559.5759544372559,391.49673521417617,1012.3357524871826,247.35651302337646,79.21452236175537,403.57136607170105,378.6627638787031,1208.9033279418945,1044.6091861724854,1350.0255756378174,169.65502482056615,375.35319924354553,375.35319924354553,111.02935428619384,158.6133632659912,47.58400897979736,42.647590478261314,23.882650667826333,1461.5475675016642,49.914739895757045,1165.4265670776367,778.6202799975872,360.23582926392555,2307.1160583496094,0.0,602.2698310866356,3284.829864719868,1293.7092978060246,651.4523531198502,1241.535640090704,46.82485969364643,500.33742594718933,18889.92066052556,663.2554304599762,196.3589630126953,1052.0769247114658,312.5559809207916,169.93985147029161,215.59201073646545
1994,538.5048251152039,337.26191681379316,913.0186958312988,279.87931632995605,55.10567386448383,378.3764078617096,377.440382104367,1482.3701076507568,854.6581363528967,1273.2215967178345,131.77579686641693,558.3806819915771,558.3806819915771,89.80505275726318,128.29293251037598,38.48787975311279,37.74254993597666,21.13582796414693,664.2360290288925,44.17388044506709,75.95027160644531,481.29684776067734,294.05864983797073,2451.759017944336,0.0,318.66763304138186,2267.093041797638,982.3777346611023,656.5071840286255,948.1401906013489,43.677160799503326,382.27819538116455,12215.423552036285,684.4987964630127,138.82232022285461,564.4794636964798,142.0258116722107,102.40633107721806,98.15025162696838
1995,559.7031445503235,445.5333865129089,1012.909574508667,232.4910945892334,79.21452236175537,403.64639043807983,446.8984051197767,1209.5132102966309,951.6188186867485,1350.366060256958,169.8360913872719,402.86514115333557,402.86514115333557,112.82152180671692,161.17360258102417,48.35208077430725,43.14989721775055,24.163942441940303,2022.115280419588,50.50263970365524,1165.4265670776367,1025.8419104889035,505.91692780703306,2207.1318969726562,0.0,764.1553542585373,3888.201764564991,1571.099400728941,517.4529775381088,1284.9995923042297,47.43646793812513,516.5329528916627,24112.521169930696,752.4911825656891,327.97852498292923,1402.6641780138016,431.9244146347046,200.0437735170126,300.84441566467285
1996,561.8493747711182,447.21234727846144,1024.4106464385986,202.7994737625122,79.00800609588623,405.46938943862915,502.39896154403687,1173.0837593078613,935.8996486663818,1357.808690071106,170.9264742910862,789.7148170471191,789.7148170471191,115.60278072357177,165.14682960510254,49.54404888153076,45.198550422986344,25.31118823687235,1857.6545104980469,52.900383415063224,1238.7442474365234,1132.205151438713,597.4356670379639,2075.065849304199,0.0,726.5391741504669,3882.2870247421265,2096.5246057510376,1205.4385929107666,2004.4839053153992,84.03761804103851,807.74305331707,23382.518035888672,1235.4997520446777,294.19923305511475,1429.4904680252075,397.37791299819946,244.27824888378382,275.9079530239105
1997,562.9304299354553,405.096058093853,1026.1637725830078,309.2300567626953,79.15702104568481,405.90433073043823,505.5388388633728,1606.2910766601562,841.3391742706299,1359.5620737075806,170.78603220582008,791.5736675262451,791.5736675262451,115.82009410858153,165.45727729797363,49.63718318939209,43.448787947495774,24.331321250597632,1618.0439758300781,50.85246141374906,1241.376838684082,1002.5924468040466,537.5919637680054,2078.8119201660156,0.0,690.1248013248444,3853.3066606578827,1958.231517791748,990.5318450927734,1745.2963252067566,68.91778326034546,701.7679285407066,22771.727836608887,1010.9680137634277,236.23372554779053,1251.0864124298096,345.30579376220703,221.38552348315716,240.22168827056885
1998,563.0068898200989,444.9553293512535,1026.3278045654297,210.3698353767395,79.15702104568481,405.9985122680664,546.8587222099304,1223.9316864013672,898.2543377876282,1359.8438997268677,170.8275042951107,791.5736675262451,791.5736675262451,115.82009410858153,165.45727729797363,49.63718318939209,43.167071421941124,24.17355999628703,2024.4334483146667,50.522740392239896,1241.376838684082,1146.7785147428513,611.1777203083038,2078.8119201660156,0.0,774.8353453578949,4265.719039903641,2164.8040895462036,903.8713216781616,1818.2582120895386,68.77577775716782,728.2689075469971,27372.815206050873,1072.1120643615723,343.6554367542267,1489.628839969635,431.8352975845337,230.76793061196804,301.44228172302246
1999,562.9277472496033,446.9978196409607,1026.1580276489258,251.1499195098877,79.15702104568481,405.90103816986084,484.4939455986023,1175.0345935821533,710.2737159729004,1359.552191734314,171.56116132736207,791.5736675262451,791.5736675262451,115.82009410858153,165.45727729797363,49.63718318939209,45.329107423623405,25.384300157229106,1829.0762634277344,53.053187328608836,1241.376838684082,1096.1955151557922,561.4677133560181,2078.8119201660156,0.0,681.2711670570374,3904.8950053138733,1744.5770683288574,883.0142402648926,1557.23939037323,65.35738003253937,627.3771710395813,22549.680130004883,1002.4049015045166,289.95161628723145,1389.232614517212,390.9565763473511,225.66692443937063,271.53434562683105
2000,561.956832408905,445.5986671804047,1024.641206741333,231.0190070271492,79.00800609588623,405.601758480072,478.43641471862793,1173.355697631836,931.2776254415512,1358.2048206329346,170.11086366176605,762.2137660980225,762.2137660980225,114.22937412261962,163.1848201751709,48.95544605255127,44.1452953616778,24.72136540253957,1621.4910019636154,51.667653691307706,1238.7442474365234,1016.6088604331017,537.4729456305504,2175.0500106811523,0.0,649.8270540142059,3696.488435945511,2047.309980392456,1216.2787599563599,2033.2653048038483,81.38602274656296,819.435450553894,20809.02835893631,1159.526530265808,237.00515282154083,1273.0495846271515,347.15563583374023,228.375788718462,240.2168904542923
2001,537.0740413665771,421.84067126224517,907.0045318603516,251.49302768707275,74.29591709375381,376.7686400413513,456.8668632507324,1475.5054454803467,852.9630877835898,1268.1754789352417,129.40860029459,700.3922958374023,700.3922958374023,89.78338737487792,128.26198196411133,38.478594589233396,43.149392346541084,24.163659714063005,412.1907824613154,50.50204880239169,75.95027160644531,383.3573313392699,203.6258475072682,2361.6911392211914,0.0,378.6124516506195,2227.6281730775836,744.4181403070688,438.51294980943203,740.7759726047516,28.496942807920277,298.6520462036133,8199.697212010622,437.51340748369694,81.43026881664991,408.3829690553248,88.15243434906006,88.85999705712311,60.91979682445526
2002,559.6944518089294,446.5203283747482,1012.428295135498,287.13636338710785,74.32168126106262,403.76119923591614,407.73856687545776,1640.4458408355713,1044.1199612480068,1350.531415939331,170.4713090777397,378.0973424911499,378.0973424911499,94.08681397438049,134.409734249115,40.32292027473449,39.03234211603801,21.85811158498128,861.7224836349487,45.683453212610885,0.0,483.48314064741135,241.93791890144348,2442.563621520996,0.0,477.4043901128769,2541.653196726322,859.9261705875397,499.2111825942993,813.1803359985352,33.38638058304787,321.08896923065186,14485.929569005966,499.87709641456604,128.4227620959282,635.2714124321938,184.54730033874512,105.95294949412346,127.2525463104248
2003,459.2770733833313,448.20279543684006,848.7728214263916,197.45042753219604,66.98211520910263,349.4714183807373,375.3628227710724,1023.259220123291,920.961218342185,1154.7858600616455,173.52580010294912,300.3599262237549,300.3599262237549,80.26155462265014,114.65936374664307,34.39780912399292,42.28947005669276,23.68210323174794,824.9492712020874,49.495595754353204,694.1345062255859,509.4163084626198,214.4924988746643,1763.4125061035156,0.0,399.5466877164841,1982.27326875782,847.3000860214233,555.0873312950134,445.61332416534424,39.485092639923096,36.787352561950684,12715.989402770996,511.3712110519409,145.90808475017548,598.8658628463745,217.65296077728271,118.25772823393345,5.401879191398621
