,Monthly_CFS,DaysInMonth,SecondsPerDay,Monthly_AF
1921-10-31,31.458822,31,86400.000000,1934.327583
1921-11-30,20.646624,30,86400.000000,1228.559422
1921-12-31,16.437944,31,86400.000000,1010.729805
1922-01-31,16.532431,31,86400.000000,1016.539537
1922-02-28,14.418213,28,86400.000000,800.747030
1922-03-31,21.374018,31,86400.000000,1314.237122
1922-04-30,26.245029,30,86400.000000,1561.687703
1922-05-31,37.471607,31,86400.000000,2304.039319
1922-06-30,50.919052,30,86400.000000,3029.894011
1922-07-31,63.227745,31,86400.000000,3887.722506
1922-08-31,69.130196,31,86400.000000,4250.650045
1922-09-30,60.252670,30,86400.000000,3585.282860
1922-10-31,39.707382,31,86400.000000,2441.511765
1922-11-30,26.060205,30,86400.000000,1550.689912
1922-12-31,20.748001,31,86400.000000,1275.744861
1923-01-31,16.736130,31,86400.000000,1029.064508
1923-02-28,12.625939,28,86400.000000,701.209195
1923-03-31,12.867438,31,86400.000000,791.187943
1923-04-30,18.240919,30,86400.000000,1085.410063
1923-05-31,26.636917,31,86400.000000,1637.840193
1923-06-30,36.196117,30,86400.000000,2153.818556
1923-07-31,44.945824,31,86400.000000,2763.610976
1923-08-31,49.141617,31,86400.000000,3021.600241
1923-09-30,42.830975,30,86400.000000,2548.619975
1923-10-31,28.226233,31,86400.000000,1735.563389
1923-11-30,18.525055,30,86400.000000,1102.317318
1923-12-31,14.748842,31,86400.000000,906.870961
1924-01-31,2.174068,31,86400.000000,133.678258
1924-02-29,2.375519,29,86400.000000,136.641439
1924-03-31,12.744228,31,86400.000000,783.612058
1924-04-30,15.092694,30,86400.000000,898.077676
1924-05-31,22.787428,31,86400.000000,1401.144327
1924-06-30,30.965158,30,86400.000000,1842.554884
1924-07-31,38.450382,31,86400.000000,2364.221850
1924-08-31,42.039814,31,86400.000000,2584.927406
1924-09-30,36.641167,30,86400.000000,2180.300828
1924-10-31,24.147058,31,86400.000000,1484.744753
1924-11-30,15.847867,30,86400.000000,943.013574
1924-12-31,12.617382,31,86400.000000,775.812582
1925-01-31,2.174068,31,86400.000000,133.678258
1925-02-28,2.145610,28,86400.000000,119.161169
1925-03-31,3.760160,31,86400.000000,231.203210
1925-04-30,5.570576,30,86400.000000,331.472302
1925-05-31,10.614002,31,86400.000000,652.629558
1925-06-30,14.423052,30,86400.000000,858.231184
1925-07-31,17.909544,31,86400.000000,1101.214936
1925-08-31,19.581440,31,86400.000000,1204.015813
1925-09-30,17.066841,30,86400.000000,1015.547571
1925-10-31,11.247295,31,86400.000000,691.569237
1925-11-30,7.381671,30,86400.000000,439.239953
1925-12-31,5.876966,31,86400.000000,361.360525
1926-01-31,2.174068,31,86400.000000,133.678258
1926-02-28,2.159949,28,86400.000000,119.957502
1926-03-31,10.301787,31,86400.000000,633.432216
1926-04-30,5.277643,30,86400.000000,314.041579
1926-05-31,23.726330,31,86400.000000,1458.875155
1926-06-30,32.241005,30,86400.000000,1918.473021
1926-07-31,40.034641,31,86400.000000,2461.634141
1926-08-31,43.771961,31,86400.000000,2691.432987
1926-09-30,38.150879,30,86400.000000,2270.134943
1926-10-31,25.141981,31,86400.000000,1545.920162
1926-11-30,16.500841,30,86400.000000,981.868233
1926-12-31,13.137252,31,86400.000000,807.778131
1927-01-31,14.066721,31,86400.000000,864.928958
1927-02-28,16.047094,28,86400.000000,891.210529
1927-03-31,21.374018,31,86400.000000,1314.237122
1927-04-30,26.245029,30,86400.000000,1561.687703
1927-05-31,37.471607,31,86400.000000,2304.039319
1927-06-30,50.919052,30,86400.000000,3029.894011
1927-07-31,63.227745,31,86400.000000,3887.722506
1927-08-31,69.130196,31,86400.000000,4250.650045
1927-09-30,60.252670,30,86400.000000,3585.282860
1927-10-31,39.707382,31,86400.000000,2441.511765
1927-11-30,26.060205,30,86400.000000,1550.689912
1927-12-31,20.748001,31,86400.000000,1275.744861
1928-01-31,14.946954,31,86400.000000,919.052364
1928-02-29,12.267853,29,86400.000000,705.655003
1928-03-31,14.363413,31,86400.000000,883.171832
1928-04-30,26.245029,30,86400.000000,1561.687703
1928-05-31,37.471607,31,86400.000000,2304.039319
1928-06-30,50.919052,30,86400.000000,3029.894011
1928-07-31,63.227745,31,86400.000000,3887.722506
1928-08-31,69.130196,31,86400.000000,4250.650045
1928-09-30,60.252670,30,86400.000000,3585.282860
1928-10-31,39.707382,31,86400.000000,2441.511765
1928-11-30,26.060205,30,86400.000000,1550.689912
1928-12-31,20.748001,31,86400.000000,1275.744861
1929-01-31,2.174068,31,86400.000000,133.678258
1929-02-28,2.145610,28,86400.000000,119.161169
1929-03-31,2.571369,31,86400.000000,158.107298
1929-04-30,3.074675,30,86400.000000,182.955859
1929-05-31,4.491953,31,86400.000000,276.199418
1929-06-30,6.103981,30,86400.000000,363.212122
1929-07-31,7.579500,31,86400.000000,466.045301
1929-08-31,8.287064,31,86400.000000,509.551679
1929-09-30,7.222860,30,86400.000000,429.790008
1929-10-31,4.759969,31,86400.000000,292.679100
1929-11-30,3.123998,30,86400.000000,185.890772
1929-12-31,2.487191,31,86400.000000,152.931411
1930-01-31,2.174068,31,86400.000000,133.678258
1930-02-28,3.676767,28,86400.000000,204.197301
1930-03-31,4.496168,31,86400.000000,276.458573
1930-04-30,18.228788,30,86400.000000,1084.688234
1930-05-31,26.026337,31,86400.000000,1600.297065
1930-06-30,35.366417,30,86400.000000,2104.447950
1930-07-31,43.915558,31,86400.000000,2700.262401
1930-08-31,48.015175,31,86400.000000,2952.338025
1930-09-30,41.849186,30,86400.000000,2490.199494
1930-10-31,27.579220,31,86400.000000,1695.780128
1930-11-30,18.100416,30,86400.000000,1077.049558
1930-12-31,14.410764,31,86400.000000,886.083324
1931-01-31,2.174068,31,86400.000000,133.678258
1931-02-28,2.145610,28,86400.000000,119.161169
1931-03-31,2.351142,31,86400.000000,144.566082
1931-04-30,2.886953,30,86400.000000,171.785640
1931-05-31,4.121877,31,86400.000000,253.444320
1931-06-30,5.601096,30,86400.000000,333.288338
1931-07-31,6.955052,31,86400.000000,427.649472
1931-08-31,7.604321,31,86400.000000,467.571503
1931-09-30,6.627794,30,86400.000000,394.381118
1931-10-31,4.367812,31,86400.000000,268.566272
1931-11-30,2.866623,30,86400.000000,170.575895
1931-12-31,2.282280,31,86400.000000,140.331940
1932-01-31,2.174068,31,86400.000000,133.678258
1932-02-29,2.071624,29,86400.000000,119.161171
1932-03-31,6.077271,31,86400.000000,373.676857
1932-04-30,4.207663,30,86400.000000,250.373311
1932-05-31,6.007533,31,86400.000000,369.388781
1932-06-30,8.163458,30,86400.000000,485.759477
1932-07-31,10.136815,31,86400.000000,623.288464
1932-08-31,11.083109,31,86400.000000,681.473804
1932-09-30,9.659844,30,86400.000000,574.800658
1932-10-31,6.365977,31,86400.000000,391.428686
1932-11-30,4.178031,30,86400.000000,248.610107
1932-12-31,3.326367,31,86400.000000,204.530314
1933-01-31,2.174068,31,86400.000000,133.678258
1933-02-28,2.145610,28,86400.000000,119.161169
1933-03-31,12.429257,31,86400.000000,764.245248
1933-04-30,5.568182,30,86400.000000,331.329866
1933-05-31,7.950029,31,86400.000000,488.828223
1933-06-30,10.803059,30,86400.000000,642.826629
1933-07-31,13.414488,31,86400.000000,824.824707
1933-08-31,14.666759,31,86400.000000,901.823889
1933-09-30,12.783292,30,86400.000000,760.658687
1933-10-31,8.424374,31,86400.000000,517.994544
1933-11-30,5.528970,30,86400.000000,328.996576
1933-12-31,4.401925,31,86400.000000,270.663824
1934-01-31,2.174068,31,86400.000000,133.678258
1934-02-28,2.145610,28,86400.000000,119.161169
1934-03-31,13.241292,31,86400.000000,814.175310
1934-04-30,4.726056,30,86400.000000,281.219867
1934-05-31,6.747674,31,86400.000000,414.898301
1934-06-30,9.169214,30,86400.000000,545.606137
1934-07-31,11.385694,31,86400.000000,700.079008
1934-08-31,12.448573,31,86400.000000,765.432925
1934-09-30,10.849959,30,86400.000000,645.617417
1934-10-31,7.150280,31,86400.000000,439.653580
1934-11-30,4.692774,30,86400.000000,279.239434
1934-12-31,3.736182,31,86400.000000,229.728904
1935-01-31,2.174068,31,86400.000000,133.678258
1935-02-28,3.635784,28,86400.000000,201.921209
1935-03-31,13.151232,31,86400.000000,808.637722
1935-04-30,26.245029,30,86400.000000,1561.687703
1935-05-31,37.471607,31,86400.000000,2304.039319
1935-06-30,50.919052,30,86400.000000,3029.894011
1935-07-31,63.227745,31,86400.000000,3887.722506
1935-08-31,69.130196,31,86400.000000,4250.650045
1935-09-30,60.252670,30,86400.000000,3585.282860
1935-10-31,39.707382,31,86400.000000,2441.511765
1935-11-30,26.060205,30,86400.000000,1550.689912
1935-12-31,20.748001,31,86400.000000,1275.744861
1936-01-31,2.174068,31,86400.000000,133.678258
1936-02-29,3.141084,29,86400.000000,180.677240
1936-03-31,21.374018,31,86400.000000,1314.237122
1936-04-30,22.268538,30,86400.000000,1325.070001
1936-05-31,37.471607,31,86400.000000,2304.039319
1936-06-30,50.919052,30,86400.000000,3029.894011
1936-07-31,63.227745,31,86400.000000,3887.722506
1936-08-31,69.130196,31,86400.000000,4250.650045
1936-09-30,60.252670,30,86400.000000,3585.282860
1936-10-31,39.707382,31,86400.000000,2441.511765
1936-11-30,26.060205,30,86400.000000,1550.689912
1936-12-31,20.748001,31,86400.000000,1275.744861
1937-01-31,2.174068,31,86400.000000,133.678258
1937-02-28,2.145610,28,86400.000000,119.161169
1937-03-31,10.457601,31,86400.000000,643.012797
1937-04-30,26.245029,30,86400.000000,1561.687703
1937-05-31,37.471607,31,86400.000000,2304.039319
1937-06-30,50.919052,30,86400.000000,3029.894011
1937-07-31,63.227745,31,86400.000000,3887.722506
1937-08-31,69.130196,31,86400.000000,4250.650045
1937-09-30,60.252670,30,86400.000000,3585.282860
1937-10-31,39.707382,31,86400.000000,2441.511765
1937-11-30,26.060205,30,86400.000000,1550.689912
1937-12-31,20.748001,31,86400.000000,1275.744861
1938-01-31,19.764259,31,86400.000000,1215.256938
1938-02-28,19.505548,28,86400.000000,1083.283353
1938-03-31,21.374018,31,86400.000000,1314.237122
1938-04-30,26.245029,30,86400.000000,1561.687703
1938-05-31,37.471607,31,86400.000000,2304.039319
1938-06-30,50.919052,30,86400.000000,3029.894011
1938-07-31,63.227745,31,86400.000000,3887.722506
1938-08-31,69.130196,31,86400.000000,4250.650045
1938-09-30,60.252670,30,86400.000000,3585.282860
1938-10-31,39.707382,31,86400.000000,2441.511765
1938-11-30,26.060205,30,86400.000000,1550.689912
1938-12-31,20.748001,31,86400.000000,1275.744861
1939-01-31,11.090810,31,86400.000000,681.947315
1939-02-28,8.327057,28,86400.000000,462.461341
1939-03-31,12.049398,31,86400.000000,740.888630
1939-04-30,20.421013,30,86400.000000,1215.134651
1939-05-31,29.156307,31,86400.000000,1792.751452
1939-06-30,39.619640,30,86400.000000,2357.532318
1939-07-31,49.196918,31,86400.000000,3025.000608
1939-08-31,53.789558,31,86400.000000,3307.391030
1939-09-30,46.882042,30,86400.000000,2789.675222
1939-10-31,30.895943,31,86400.000000,1899.717468
1939-11-30,20.277203,30,86400.000000,1206.577345
1939-12-31,16.143827,31,86400.000000,992.645257
1940-01-31,2.174068,31,86400.000000,133.678258
1940-02-29,2.379672,29,86400.000000,136.880323
1940-03-31,17.287230,31,86400.000000,1062.950312
1940-04-30,20.400208,30,86400.000000,1213.896646
1940-05-31,30.715353,31,86400.000000,1888.613441
1940-06-30,41.738182,30,86400.000000,2483.594305
1940-07-31,51.827576,31,86400.000000,3186.753414
1940-08-31,56.665794,31,86400.000000,3484.243885
1940-09-30,49.388916,30,86400.000000,2938.844589
1940-10-31,32.548012,31,86400.000000,2001.299237
1940-11-30,21.361465,30,86400.000000,1271.095465
1940-12-31,17.007069,31,86400.000000,1045.723890
1941-01-31,19.764259,31,86400.000000,1215.256938
1941-02-28,0.000000,28,86400.000000,0.000000
1941-03-31,21.374018,31,86400.000000,1314.237122
1941-04-30,26.245029,30,86400.000000,1561.687703
1941-05-31,37.471607,31,86400.000000,2304.039319
1941-06-30,50.919052,30,86400.000000,3029.894011
1941-07-31,63.227745,31,86400.000000,3887.722506
1941-08-31,69.130196,31,86400.000000,4250.650045
1941-09-30,60.252670,30,86400.000000,3585.282860
1941-10-31,39.707382,31,86400.000000,2441.511765
1941-11-30,26.060205,30,86400.000000,1550.689912
1941-12-31,20.748001,31,86400.000000,1275.744861
1942-01-31,19.764259,31,86400.000000,1215.256938
1942-02-28,19.505548,28,86400.000000,1083.283353
1942-03-31,21.374018,31,86400.000000,1314.237122
1942-04-30,22.822422,30,86400.000000,1358.028418
1942-05-31,37.471607,31,86400.000000,2304.039319
1942-06-30,50.919052,30,86400.000000,3029.894011
1942-07-31,63.227745,31,86400.000000,3887.722506
1942-08-31,69.130196,31,86400.000000,4250.650045
1942-09-30,60.252670,30,86400.000000,3585.282860
1942-10-31,39.707382,31,86400.000000,2441.511765
1942-11-30,26.060205,30,86400.000000,1550.689912
1942-12-31,20.748001,31,86400.000000,1275.744861
1943-01-31,17.514942,31,86400.000000,1076.951816
1943-02-28,19.505548,28,86400.000000,1083.283353
1943-03-31,21.374018,31,86400.000000,1314.237122
1943-04-30,26.245029,30,86400.000000,1561.687703
1943-05-31,37.471607,31,86400.000000,2304.039319
1943-06-30,50.919052,30,86400.000000,3029.894011
1943-07-31,63.227745,31,86400.000000,3887.722506
1943-08-31,69.130196,31,86400.000000,4250.650045
1943-09-30,60.252670,30,86400.000000,3585.282860
1943-10-31,39.707382,31,86400.000000,2441.511765
1943-11-30,26.060205,30,86400.000000,1550.689912
1943-12-31,20.748001,31,86400.000000,1275.744861
1944-01-31,2.174068,31,86400.000000,133.678258
1944-02-29,2.071624,29,86400.000000,119.161171
1944-03-31,3.625512,31,86400.000000,222.924051
1944-04-30,13.807478,30,86400.000000,821.601994
1944-05-31,19.713766,31,86400.000000,1212.152229
1944-06-30,26.788452,30,86400.000000,1594.023599
1944-07-31,33.264038,31,86400.000000,2045.325978
1944-08-31,36.369312,31,86400.000000,2236.261846
1944-09-30,31.698856,30,86400.000000,1886.212940
1944-10-31,20.890005,31,86400.000000,1284.476347
1944-11-30,13.710242,30,86400.000000,815.816069
1944-12-31,10.915498,31,86400.000000,671.167797
1945-01-31,9.195853,31,86400.000000,565.430976
1945-02-28,3.101652,28,86400.000000,172.257018
1945-03-31,14.679363,31,86400.000000,902.598864
1945-04-30,26.245029,30,86400.000000,1561.687703
1945-05-31,37.471607,31,86400.000000,2304.039319
1945-06-30,50.919052,30,86400.000000,3029.894011
1945-07-31,63.227745,31,86400.000000,3887.722506
1945-08-31,69.130196,31,86400.000000,4250.650045
1945-09-30,60.252670,30,86400.000000,3585.282860
1945-10-31,39.707382,31,86400.000000,2441.511765
1945-11-30,26.060205,30,86400.000000,1550.689912
1945-12-31,20.748001,31,86400.000000,1275.744861
1946-01-31,19.764259,31,86400.000000,1215.256938
1946-02-28,19.505548,28,86400.000000,1083.283353
1946-03-31,20.098898,31,86400.000000,1235.833063
1946-04-30,21.881861,30,86400.000000,1302.061135
1946-05-31,35.928585,31,86400.000000,2209.162585
1946-06-30,48.822289,30,86400.000000,2905.127912
1946-07-31,60.624130,31,86400.000000,3727.632472
1946-08-31,66.283524,31,86400.000000,4075.615002
1946-09-30,57.771564,30,86400.000000,3437.646812
1946-10-31,38.072296,31,86400.000000,2340.974242
1946-11-30,24.987089,30,86400.000000,1486.835057
1946-12-31,19.893633,31,86400.000000,1223.211807
1947-01-31,3.367759,31,86400.000000,207.075443
1947-02-28,2.145610,28,86400.000000,119.161169
1947-03-31,4.662670,31,86400.000000,286.696412
1947-04-30,14.905216,30,86400.000000,886.921957
1947-05-31,21.281073,31,86400.000000,1308.522151
1947-06-30,28.918219,30,86400.000000,1720.753504
1947-07-31,35.908638,31,86400.000000,2207.936089
1947-08-31,39.260788,31,86400.000000,2414.051756
1947-09-30,34.219017,30,86400.000000,2036.172914
1947-10-31,22.550827,31,86400.000000,1386.596306
1947-11-30,14.800250,30,86400.000000,880.676036
1947-12-31,11.783315,31,86400.000000,724.527780
1948-01-31,2.174068,31,86400.000000,133.678258
1948-02-29,2.071624,29,86400.000000,119.161171
1948-03-31,3.790143,31,86400.000000,233.046781
1948-04-30,15.538202,30,86400.000000,924.587243
1948-05-31,35.710167,31,86400.000000,2195.732578
1948-06-30,48.525482,30,86400.000000,2887.466708
1948-07-31,60.255577,31,86400.000000,3704.971021
1948-08-31,65.880569,31,86400.000000,4050.838320
1948-09-30,57.420353,30,86400.000000,3416.748274
1948-10-31,37.840843,31,86400.000000,2326.742755
1948-11-30,24.835184,30,86400.000000,1477.796079
1948-12-31,19.772694,31,86400.000000,1215.775542
1949-01-31,2.174068,31,86400.000000,133.678258
1949-02-28,2.145610,28,86400.000000,119.161169
1949-03-31,3.818541,31,86400.000000,234.792923
1949-04-30,5.331375,30,86400.000000,317.238850
1949-05-31,7.997323,31,86400.000000,491.736197
1949-06-30,10.867324,30,86400.000000,646.650677
1949-07-31,13.494288,31,86400.000000,829.731455
1949-08-31,14.754010,31,86400.000000,907.188726
1949-09-30,12.859338,30,86400.000000,765.183737
1949-10-31,8.474489,31,86400.000000,521.076031
1949-11-30,5.561861,30,86400.000000,330.953715
1949-12-31,4.428112,31,86400.000000,272.273967
1950-01-31,2.174068,31,86400.000000,133.678258
1950-02-28,2.145610,28,86400.000000,119.161169
1950-03-31,3.108511,31,86400.000000,191.134904
1950-04-30,16.972666,30,86400.000000,1009.943749
1950-05-31,24.232895,31,86400.000000,1490.022628
1950-06-30,32.929359,30,86400.000000,1959.432958
1950-07-31,40.889393,31,86400.000000,2514.190767
1950-08-31,44.706509,31,86400.000000,2748.896068
1950-09-30,38.965412,30,86400.000000,2318.603036
1950-10-31,25.678770,31,86400.000000,1578.926027
1950-11-30,16.853140,30,86400.000000,1002.831464
1950-12-31,13.417736,31,86400.000000,825.024432
1951-01-31,19.764259,31,86400.000000,1215.256938
1951-02-28,19.505548,28,86400.000000,1083.283353
1951-03-31,21.374018,31,86400.000000,1314.237122
1951-04-30,26.245029,30,86400.000000,1561.687703
1951-05-31,37.471607,31,86400.000000,2304.039319
1951-06-30,50.919052,30,86400.000000,3029.894011
1951-07-31,63.227745,31,86400.000000,3887.722506
1951-08-31,69.130196,31,86400.000000,4250.650045
1951-09-30,60.252670,30,86400.000000,3585.282860
1951-10-31,39.707382,31,86400.000000,2441.511765
1951-11-30,26.060205,30,86400.000000,1550.689912
1951-12-31,20.748001,31,86400.000000,1275.744861
1952-01-31,19.764259,31,86400.000000,1215.256938
1952-02-29,18.832943,29,86400.000000,1083.283331
1952-03-31,21.374018,31,86400.000000,1314.237122
1952-04-30,26.245029,30,86400.000000,1561.687703
1952-05-31,37.471607,31,86400.000000,2304.039319
1952-06-30,50.919052,30,86400.000000,3029.894011
1952-07-31,63.227745,31,86400.000000,3887.722506
1952-08-31,69.130196,31,86400.000000,4250.650045
1952-09-30,60.252670,30,86400.000000,3585.282860
1952-10-31,39.707382,31,86400.000000,2441.511765
1952-11-30,26.060205,30,86400.000000,1550.689912
1952-12-31,20.748001,31,86400.000000,1275.744861
1953-01-31,19.764259,31,86400.000000,1215.256938
1953-02-28,19.505548,28,86400.000000,1083.283353
1953-03-31,21.374018,31,86400.000000,1314.237122
1953-04-30,26.245029,30,86400.000000,1561.687703
1953-05-31,37.471607,31,86400.000000,2304.039319
1953-06-30,50.919052,30,86400.000000,3029.894011
1953-07-31,63.227745,31,86400.000000,3887.722506
1953-08-31,69.130196,31,86400.000000,4250.650045
1953-09-30,60.252670,30,86400.000000,3585.282860
1953-10-31,39.707382,31,86400.000000,2441.511765
1953-11-30,26.060205,30,86400.000000,1550.689912
1953-12-31,20.748001,31,86400.000000,1275.744861
1954-01-31,3.064686,31,86400.000000,188.440186
1954-02-28,10.948883,28,86400.000000,608.070200
1954-03-31,14.023400,31,86400.000000,862.265275
1954-04-30,24.655260,30,86400.000000,1467.089856
1954-05-31,37.471607,31,86400.000000,2304.039319
1954-06-30,50.919052,30,86400.000000,3029.894011
1954-07-31,63.227745,31,86400.000000,3887.722506
1954-08-31,69.130196,31,86400.000000,4250.650045
1954-09-30,60.252670,30,86400.000000,3585.282860
1954-10-31,39.707382,31,86400.000000,2441.511765
1954-11-30,26.060205,30,86400.000000,1550.689912
1954-12-31,20.748001,31,86400.000000,1275.744861
1955-01-31,2.174068,31,86400.000000,133.678258
1955-02-28,2.145610,28,86400.000000,119.161169
1955-03-31,3.700112,31,86400.000000,227.510996
1955-04-30,5.205673,30,86400.000000,309.759068
1955-05-31,7.997606,31,86400.000000,491.753613
1955-06-30,10.867709,30,86400.000000,646.673603
1955-07-31,13.494766,31,86400.000000,829.760833
1955-08-31,14.754533,31,86400.000000,907.220861
1955-09-30,12.859794,30,86400.000000,765.210863
1955-10-31,8.474790,31,86400.000000,521.094502
1955-11-30,5.562058,30,86400.000000,330.965433
1955-12-31,4.428268,31,86400.000000,272.283613
1956-01-31,19.764259,31,86400.000000,1215.256938
1956-02-29,18.832943,29,86400.000000,1083.283331
1956-03-31,21.374018,31,86400.000000,1314.237122
1956-04-30,26.245029,30,86400.000000,1561.687703
1956-05-31,37.471607,31,86400.000000,2304.039319
1956-06-30,50.919052,30,86400.000000,3029.894011
1956-07-31,63.227745,31,86400.000000,3887.722506
1956-08-31,69.130196,31,86400.000000,4250.650045
1956-09-30,60.252670,30,86400.000000,3585.282860
1956-10-31,39.707382,31,86400.000000,2441.511765
1956-11-30,26.060205,30,86400.000000,1550.689912
1956-12-31,20.748001,31,86400.000000,1275.744861
1957-01-31,4.217713,31,86400.000000,259.337056
1957-02-28,5.601429,28,86400.000000,311.087600
1957-03-31,12.698208,31,86400.000000,780.782367
1957-04-30,21.076706,30,86400.000000,1254.151097
1957-05-31,30.092480,31,86400.000000,1850.314455
1957-06-30,40.891777,30,86400.000000,2433.229708
1957-07-31,50.776569,31,86400.000000,3122.129554
1957-08-31,55.516678,31,86400.000000,3413.587465
1957-09-30,48.387367,30,86400.000000,2879.248299
1957-10-31,31.887974,31,86400.000000,1960.715082
1957-11-30,20.928280,30,86400.000000,1245.319133
1957-12-31,16.662186,31,86400.000000,1024.517863
1958-01-31,13.886198,31,86400.000000,853.829037
1958-02-28,0.000000,28,86400.000000,0.000000
1958-03-31,21.374018,31,86400.000000,1314.237122
1958-04-30,26.245029,30,86400.000000,1561.687703
1958-05-31,37.471607,31,86400.000000,2304.039319
1958-06-30,50.919052,30,86400.000000,3029.894011
1958-07-31,63.227745,31,86400.000000,3887.722506
1958-08-31,69.130196,31,86400.000000,4250.650045
1958-09-30,60.252670,30,86400.000000,3585.282860
1958-10-31,39.707382,31,86400.000000,2441.511765
1958-11-30,26.060205,30,86400.000000,1550.689912
1958-12-31,20.748001,31,86400.000000,1275.744861
1959-01-31,12.462362,31,86400.000000,766.280789
1959-02-28,12.043103,28,86400.000000,668.840113
1959-03-31,13.858152,31,86400.000000,852.104577
1959-04-30,21.602110,30,86400.000000,1285.414805
1959-05-31,30.842630,31,86400.000000,1896.439422
1959-06-30,41.911133,30,86400.000000,2493.885589
1959-07-31,52.042336,31,86400.000000,3199.958481
1959-08-31,56.900604,31,86400.000000,3498.681782
1959-09-30,49.593575,30,86400.000000,2951.022616
1959-10-31,32.682880,31,86400.000000,2009.591985
1959-11-30,21.449982,30,86400.000000,1276.362547
1959-12-31,17.077541,31,86400.000000,1050.057088
1960-01-31,2.174068,31,86400.000000,133.678258
1960-02-29,2.071624,29,86400.000000,119.161171
1960-03-31,2.351142,31,86400.000000,144.566082
1960-04-30,14.499567,30,86400.000000,862.784154
1960-05-31,20.701902,31,86400.000000,1272.910362
1960-06-30,28.131201,30,86400.000000,1673.922692
1960-07-31,34.931374,31,86400.000000,2147.846443
1960-08-31,38.192295,31,86400.000000,2348.352689
1960-09-30,33.287735,30,86400.000000,1980.757784
1960-10-31,21.937099,31,86400.000000,1348.859669
1960-11-30,14.397457,30,86400.000000,856.708192
1960-12-31,11.462629,31,86400.000000,704.809604
1961-01-31,2.504510,31,86400.000000,153.996313
1961-02-28,2.145610,28,86400.000000,119.161169
1961-03-31,12.162118,31,86400.000000,747.819484
1961-04-30,15.532365,30,86400.000000,924.239892
1961-05-31,23.130617,31,86400.000000,1422.246211
1961-06-30,31.431509,30,86400.000000,1870.304669
1961-07-31,39.029465,31,86400.000000,2399.828244
1961-08-31,42.672955,31,86400.000000,2623.857702
1961-09-30,37.193001,30,86400.000000,2213.137237
1961-10-31,24.510725,31,86400.000000,1507.105737
1961-11-30,16.086544,30,86400.000000,957.215844
1961-12-31,12.807406,31,86400.000000,787.496726
1962-01-31,2.174068,31,86400.000000,133.678258
1962-02-28,2.145610,28,86400.000000,119.161169
1962-03-31,13.676323,31,86400.000000,840.924319
1962-04-30,26.245029,30,86400.000000,1561.687703
1962-05-31,37.471607,31,86400.000000,2304.039319
1962-06-30,50.919052,30,86400.000000,3029.894011
1962-07-31,63.227745,31,86400.000000,3887.722506
1962-08-31,69.130196,31,86400.000000,4250.650045
1962-09-30,60.252670,30,86400.000000,3585.282860
1962-10-31,39.707382,31,86400.000000,2441.511765
1962-11-30,26.060205,30,86400.000000,1550.689912
1962-12-31,20.748001,31,86400.000000,1275.744861
1963-01-31,14.177485,31,86400.000000,871.739544
1963-02-28,15.410482,28,86400.000000,855.854891
1963-03-31,15.496833,31,86400.000000,952.863111
1963-04-30,19.374527,30,86400.000000,1152.864415
1963-05-31,29.350929,31,86400.000000,1804.718295
1963-06-30,39.884109,30,86400.000000,2373.269325
1963-07-31,49.525314,31,86400.000000,3045.192881
1963-08-31,54.148613,31,86400.000000,3329.468434
1963-09-30,47.194988,30,86400.000000,2808.296822
1963-10-31,31.102179,31,86400.000000,1912.398418
1963-11-30,20.412556,30,86400.000000,1214.631413
1963-12-31,16.251589,31,86400.000000,999.271247
1964-01-31,14.979803,31,86400.000000,921.072190
1964-02-29,17.626122,29,86400.000000,1013.866164
1964-03-31,15.805184,31,86400.000000,971.822906
1964-04-30,24.203176,30,86400.000000,1440.189015
1964-05-31,34.556328,31,86400.000000,2124.785777
1964-06-30,46.957569,30,86400.000000,2794.169402
1964-07-31,58.308651,31,86400.000000,3585.259200
1964-08-31,63.751892,31,86400.000000,3919.951051
1964-09-30,55.565037,30,86400.000000,3306.349296
1964-10-31,36.618160,31,86400.000000,2251.562911
1964-11-30,24.032732,30,86400.000000,1430.046863
1964-12-31,19.133816,31,86400.000000,1176.492474
1965-01-31,16.143040,31,86400.000000,992.596821
1965-02-28,19.505548,28,86400.000000,1083.283353
1965-03-31,16.773811,31,86400.000000,1031.381458
1965-04-30,20.056799,30,86400.000000,1193.462416
1965-05-31,37.471607,31,86400.000000,2304.039319
1965-06-30,50.919052,30,86400.000000,3029.894011
1965-07-31,63.227745,31,86400.000000,3887.722506
1965-08-31,69.130196,31,86400.000000,4250.650045
1965-09-30,60.252670,30,86400.000000,3585.282860
1965-10-31,39.707382,31,86400.000000,2441.511765
1965-11-30,26.060205,30,86400.000000,1550.689912
1965-12-31,20.748001,31,86400.000000,1275.744861
1966-01-31,12.808530,31,86400.000000,787.565803
1966-02-28,11.874067,28,86400.000000,659.452333
1966-03-31,13.040671,31,86400.000000,801.839627
1966-04-30,19.761862,30,86400.000000,1175.912438
1966-05-31,28.215199,31,86400.000000,1734.884934
1966-06-30,38.340794,30,86400.000000,2281.435653
1966-07-31,47.608936,31,86400.000000,2927.359390
1966-08-31,52.053337,31,86400.000000,3200.634942
1966-09-30,45.368778,30,86400.000000,2699.629779
1966-10-31,29.898682,31,86400.000000,1838.398276
1966-11-30,19.622694,30,86400.000000,1167.631379
1966-12-31,15.622735,31,86400.000000,960.604534
1967-01-31,13.327878,31,86400.000000,819.499275
1967-02-28,19.505548,28,86400.000000,1083.283353
1967-03-31,21.374018,31,86400.000000,1314.237122
1967-04-30,26.245029,30,86400.000000,1561.687703
1967-05-31,37.471607,31,86400.000000,2304.039319
1967-06-30,50.919052,30,86400.000000,3029.894011
1967-07-31,63.227745,31,86400.000000,3887.722506
1967-08-31,69.130196,31,86400.000000,4250.650045
1967-09-30,60.252670,30,86400.000000,3585.282860
1967-10-31,39.707382,31,86400.000000,2441.511765
1967-11-30,26.060205,30,86400.000000,1550.689912
1967-12-31,20.748001,31,86400.000000,1275.744861
1968-01-31,19.764259,31,86400.000000,1215.256938
1968-02-29,15.772791,29,86400.000000,907.261361
1968-03-31,17.782808,31,86400.000000,1093.422263
1968-04-30,25.915119,30,86400.000000,1542.056678
1968-05-31,37.000572,31,86400.000000,2275.076506
1968-06-30,50.278980,30,86400.000000,2991.807090
1968-07-31,62.432949,31,86400.000000,3838.852405
1968-08-31,68.261200,31,86400.000000,4197.217584
1968-09-30,59.495274,30,86400.000000,3540.214627
1968-10-31,39.208244,31,86400.000000,2410.820973
1968-11-30,25.732618,30,86400.000000,1531.197124
1968-12-31,20.487190,31,86400.000000,1259.708227
1969-01-31,11.687907,31,86400.000000,718.661403
1969-02-28,19.505548,28,86400.000000,1083.283353
1969-03-31,21.374018,31,86400.000000,1314.237122
1969-04-30,26.245029,30,86400.000000,1561.687703
1969-05-31,37.471607,31,86400.000000,2304.039319
1969-06-30,50.919052,30,86400.000000,3029.894011
1969-07-31,63.227745,31,86400.000000,3887.722506
1969-08-31,69.130196,31,86400.000000,4250.650045
1969-09-30,60.252670,30,86400.000000,3585.282860
1969-10-31,39.707382,31,86400.000000,2441.511765
1969-11-30,26.060205,30,86400.000000,1550.689912
1969-12-31,20.748001,31,86400.000000,1275.744861
1970-01-31,19.764259,31,86400.000000,1215.256938
1970-02-28,19.505548,28,86400.000000,1083.283353
1970-03-31,21.374018,31,86400.000000,1314.237122
1970-04-30,26.245029,30,86400.000000,1561.687703
1970-05-31,37.471607,31,86400.000000,2304.039319
1970-06-30,50.919052,30,86400.000000,3029.894011
1970-07-31,63.227745,31,86400.000000,3887.722506
1970-08-31,69.130196,31,86400.000000,4250.650045
1970-09-30,60.252670,30,86400.000000,3585.282860
1970-10-31,39.707382,31,86400.000000,2441.511765
1970-11-30,26.060205,30,86400.000000,1550.689912
1970-12-31,20.748001,31,86400.000000,1275.744861
1971-01-31,19.764259,31,86400.000000,1215.256938
1971-02-28,18.216602,28,86400.000000,1011.698906
1971-03-31,16.800335,31,86400.000000,1033.012330
1971-04-30,19.092325,30,86400.000000,1136.072244
1971-05-31,29.254972,31,86400.000000,1798.818141
1971-06-30,39.753716,30,86400.000000,2365.510345
1971-07-31,49.363403,31,86400.000000,3035.237361
1971-08-31,53.971584,31,86400.000000,3318.583366
1971-09-30,47.040691,30,86400.000000,2799.115520
1971-10-31,31.000496,31,86400.000000,1906.146195
1971-11-30,20.345821,30,86400.000000,1210.660446
1971-12-31,16.198458,31,86400.000000,996.004342
1972-01-31,11.641156,31,86400.000000,715.786794
1972-02-29,10.488004,29,86400.000000,603.276909
1972-03-31,12.702786,31,86400.000000,781.063894
1972-04-30,17.657286,30,86400.000000,1050.681463
1972-05-31,25.960718,31,86400.000000,1596.262339
1972-06-30,35.277248,30,86400.000000,2099.142053
1972-07-31,43.804840,31,86400.000000,2693.454630
1972-08-31,47.894119,31,86400.000000,2944.894606
1972-09-30,41.743679,30,86400.000000,2483.921398
1972-10-31,27.509687,31,86400.000000,1691.504747
1972-11-30,18.054781,30,86400.000000,1074.334074
1972-12-31,14.374432,31,86400.000000,883.849349
1973-01-31,16.158133,31,86400.000000,993.524845
1973-02-28,19.505548,28,86400.000000,1083.283353
1973-03-31,21.374018,31,86400.000000,1314.237122
1973-04-30,26.245029,30,86400.000000,1561.687703
1973-05-31,37.471607,31,86400.000000,2304.039319
1973-06-30,50.919052,30,86400.000000,3029.894011
1973-07-31,63.227745,31,86400.000000,3887.722506
1973-08-31,69.130196,31,86400.000000,4250.650045
1973-09-30,60.252670,30,86400.000000,3585.282860
1973-10-31,39.707382,31,86400.000000,2441.511765
1973-11-30,26.060205,30,86400.000000,1550.689912
1973-12-31,20.748001,31,86400.000000,1275.744861
1974-01-31,19.764259,31,86400.000000,1215.256938
1974-02-28,19.505548,28,86400.000000,1083.283353
1974-03-31,19.766468,31,86400.000000,1215.392746
1974-04-30,25.324812,30,86400.000000,1506.930958
1974-05-31,37.471607,31,86400.000000,2304.039319
1974-06-30,50.919052,30,86400.000000,3029.894011
1974-07-31,63.227745,31,86400.000000,3887.722506
1974-08-31,69.130196,31,86400.000000,4250.650045
1974-09-30,60.252670,30,86400.000000,3585.282860
1974-10-31,39.707382,31,86400.000000,2441.511765
1974-11-30,26.060205,30,86400.000000,1550.689912
1974-12-31,20.748001,31,86400.000000,1275.744861
1975-01-31,19.764259,31,86400.000000,1215.256938
1975-02-28,19.505548,28,86400.000000,1083.283353
1975-03-31,21.374018,31,86400.000000,1314.237122
1975-04-30,26.245029,30,86400.000000,1561.687703
1975-05-31,37.471607,31,86400.000000,2304.039319
1975-06-30,50.919052,30,86400.000000,3029.894011
1975-07-31,63.227745,31,86400.000000,3887.722506
1975-08-31,69.130196,31,86400.000000,4250.650045
1975-09-30,60.252670,30,86400.000000,3585.282860
1975-10-31,39.707382,31,86400.000000,2441.511765
1975-11-30,26.060205,30,86400.000000,1550.689912
1975-12-31,20.748001,31,86400.000000,1275.744861
1976-01-31,3.730423,31,86400.000000,229.374753
1976-02-29,2.336670,29,86400.000000,134.406785
1976-03-31,4.714248,31,86400.000000,289.867822
1976-04-30,13.991590,30,86400.000000,832.557394
1976-05-31,19.976633,31,86400.000000,1228.315290
1976-06-30,27.145655,30,86400.000000,1615.278625
1976-07-31,33.707588,31,86400.000000,2072.598811
1976-08-31,36.854267,31,86400.000000,2266.080557
1976-09-30,32.121536,30,86400.000000,1911.364141
1976-10-31,21.168556,31,86400.000000,1301.603787
1976-11-30,13.893058,30,86400.000000,826.694350
1976-12-31,11.061048,31,86400.000000,680.117304
1977-01-31,2.174068,31,86400.000000,133.678258
1977-02-28,2.145610,28,86400.000000,119.161169
1977-03-31,2.812013,31,86400.000000,172.903934
1977-04-30,2.886953,30,86400.000000,171.785640
1977-05-31,4.121877,31,86400.000000,253.444320
1977-06-30,5.601096,30,86400.000000,333.288338
1977-07-31,6.955052,31,86400.000000,427.649472
1977-08-31,7.604321,31,86400.000000,467.571503
1977-09-30,6.627794,30,86400.000000,394.381118
1977-10-31,4.367812,31,86400.000000,268.566272
1977-11-30,2.866623,30,86400.000000,170.575895
1977-12-31,2.282280,31,86400.000000,140.331940
1978-01-31,2.174068,31,86400.000000,133.678258
1978-02-28,11.317575,28,86400.000000,628.546339
1978-03-31,17.797363,31,86400.000000,1094.317213
1978-04-30,26.245029,30,86400.000000,1561.687703
1978-05-31,37.471607,31,86400.000000,2304.039319
1978-06-30,50.919052,30,86400.000000,3029.894011
1978-07-31,63.227745,31,86400.000000,3887.722506
1978-08-31,69.130196,31,86400.000000,4250.650045
1978-09-30,60.252670,30,86400.000000,3585.282860
1978-10-31,39.707382,31,86400.000000,2441.511765
1978-11-30,26.060205,30,86400.000000,1550.689912
1978-12-31,20.748001,31,86400.000000,1275.744861
1979-01-31,2.174068,31,86400.000000,133.678258
1979-02-28,2.837577,28,86400.000000,157.591033
1979-03-31,11.936356,31,86400.000000,733.937897
1979-04-30,26.245029,30,86400.000000,1561.687703
1979-05-31,37.471607,31,86400.000000,2304.039319
1979-06-30,50.919052,30,86400.000000,3029.894011
1979-07-31,63.227745,31,86400.000000,3887.722506
1979-08-31,69.130196,31,86400.000000,4250.650045
1979-09-30,60.252670,30,86400.000000,3585.282860
1979-10-31,39.707382,31,86400.000000,2441.511765
1979-11-30,26.060205,30,86400.000000,1550.689912
1979-12-31,20.748001,31,86400.000000,1275.744861
1980-01-31,14.427461,31,86400.000000,887.109978
1980-02-29,18.832943,29,86400.000000,1083.283331
1980-03-31,21.374018,31,86400.000000,1314.237122
1980-04-30,26.245029,30,86400.000000,1561.687703
1980-05-31,37.471607,31,86400.000000,2304.039319
1980-06-30,50.919052,30,86400.000000,3029.894011
1980-07-31,63.227745,31,86400.000000,3887.722506
1980-08-31,69.130196,31,86400.000000,4250.650045
1980-09-30,60.252670,30,86400.000000,3585.282860
1980-10-31,39.707382,31,86400.000000,2441.511765
1980-11-30,26.060205,30,86400.000000,1550.689912
1980-12-31,20.748001,31,86400.000000,1275.744861
1981-01-31,2.174068,31,86400.000000,133.678258
1981-02-28,2.145610,28,86400.000000,119.161169
1981-03-31,3.492106,31,86400.000000,214.721226
1981-04-30,15.508965,30,86400.000000,922.847533
1981-05-31,22.143084,31,86400.000000,1361.525139
1981-06-30,30.089579,30,86400.000000,1790.454265
1981-07-31,37.363148,31,86400.000000,2297.370406
1981-08-31,40.851082,31,86400.000000,2511.835115
1981-09-30,35.605091,30,86400.000000,2118.650049
1981-10-31,23.464268,31,86400.000000,1442.761586
1981-11-30,15.399748,30,86400.000000,916.348632
1981-12-31,12.260609,31,86400.000000,753.875442
1982-01-31,19.764259,31,86400.000000,1215.256938
1982-02-28,19.505548,28,86400.000000,1083.283353
1982-03-31,21.374018,31,86400.000000,1314.237122
1982-04-30,26.245029,30,86400.000000,1561.687703
1982-05-31,37.471607,31,86400.000000,2304.039319
1982-06-30,50.919052,30,86400.000000,3029.894011
1982-07-31,63.227745,31,86400.000000,3887.722506
1982-08-31,69.130196,31,86400.000000,4250.650045
1982-09-30,60.252670,30,86400.000000,3585.282860
1982-10-31,39.707382,31,86400.000000,2441.511765
1982-11-30,26.060205,30,86400.000000,1550.689912
1982-12-31,20.748001,31,86400.000000,1275.744861
1983-01-31,19.764259,31,86400.000000,1215.256938
1983-02-28,19.505548,28,86400.000000,1083.283353
1983-03-31,21.374018,31,86400.000000,1314.237122
1983-04-30,26.245029,30,86400.000000,1561.687703
1983-05-31,37.471607,31,86400.000000,2304.039319
1983-06-30,50.919052,30,86400.000000,3029.894011
1983-07-31,63.227745,31,86400.000000,3887.722506
1983-08-31,69.130196,31,86400.000000,4250.650045
1983-09-30,60.252670,30,86400.000000,3585.282860
1983-10-31,39.707382,31,86400.000000,2441.511765
1983-11-30,26.060205,30,86400.000000,1550.689912
1983-12-31,20.748001,31,86400.000000,1275.744861
1984-01-31,19.764259,31,86400.000000,1215.256938
1984-02-29,18.832943,29,86400.000000,1083.283331
1984-03-31,21.374018,31,86400.000000,1314.237122
1984-04-30,26.245029,30,86400.000000,1561.687703
1984-05-31,37.471607,31,86400.000000,2304.039319
1984-06-30,50.919052,30,86400.000000,3029.894011
1984-07-31,63.227745,31,86400.000000,3887.722506
1984-08-31,69.130196,31,86400.000000,4250.650045
1984-09-30,60.252670,30,86400.000000,3585.282860
1984-10-31,39.707382,31,86400.000000,2441.511765
1984-11-30,26.060205,30,86400.000000,1550.689912
1984-12-31,20.748001,31,86400.000000,1275.744861
1985-01-31,13.612771,31,86400.000000,837.016665
1985-02-28,5.181986,28,86400.000000,287.792960
1985-03-31,4.587773,31,86400.000000,282.091186
1985-04-30,21.478865,30,86400.000000,1278.081203
1985-05-31,30.666666,31,86400.000000,1885.619796
1985-06-30,41.672024,30,86400.000000,2479.657613
1985-07-31,51.745426,31,86400.000000,3181.702238
1985-08-31,56.575974,31,86400.000000,3478.721016
1985-09-30,49.310631,30,86400.000000,2934.186295
1985-10-31,32.496418,31,86400.000000,1998.126859
1985-11-30,21.327606,30,86400.000000,1269.080700
1985-12-31,16.980112,31,86400.000000,1044.066395
1986-01-31,2.174068,31,86400.000000,133.678258
1986-02-28,2.230430,28,86400.000000,123.871822
1986-03-31,21.374018,31,86400.000000,1314.237122
1986-04-30,26.245029,30,86400.000000,1561.687703
1986-05-31,37.471607,31,86400.000000,2304.039319
1986-06-30,50.919052,30,86400.000000,3029.894011
1986-07-31,63.227745,31,86400.000000,3887.722506
1986-08-31,69.130196,31,86400.000000,4250.650045
1986-09-30,60.252670,30,86400.000000,3585.282860
1986-10-31,39.707382,31,86400.000000,2441.511765
1986-11-30,26.060205,30,86400.000000,1550.689912
1986-12-31,20.748001,31,86400.000000,1275.744861
1987-01-31,2.174068,31,86400.000000,133.678258
1987-02-28,2.145610,28,86400.000000,119.161169
1987-03-31,3.834183,31,86400.000000,235.754707
1987-04-30,6.833896,30,86400.000000,406.645032
1987-05-31,9.757163,31,86400.000000,599.944571
1987-06-30,13.258719,30,86400.000000,788.948595
1987-07-31,16.463757,31,86400.000000,1012.316932
1987-08-31,18.000685,31,86400.000000,1106.818962
1987-09-30,15.689083,30,86400.000000,933.565275
1987-10-31,10.339333,31,86400.000000,635.740780
1987-11-30,6.785769,30,86400.000000,403.781323
1987-12-31,5.402534,31,86400.000000,332.188897
1988-01-31,2.174068,31,86400.000000,133.678258
1988-02-29,2.071624,29,86400.000000,119.161171
1988-03-31,4.480350,31,86400.000000,275.486014
1988-04-30,3.558016,30,86400.000000,211.716630
1988-05-31,5.079993,31,86400.000000,312.356580
1988-06-30,6.903051,30,86400.000000,410.760082
1988-07-31,8.571730,31,86400.000000,527.055113
1988-08-31,9.371920,31,86400.000000,576.256877
1988-09-30,8.168402,30,86400.000000,486.053656
1988-10-31,5.383095,31,86400.000000,330.993597
1988-11-30,3.532959,30,86400.000000,210.225673
1988-12-31,2.812788,31,86400.000000,172.951608
1989-01-31,3.276864,31,86400.000000,201.486502
1989-02-28,2.780514,28,86400.000000,154.421961
1989-03-31,13.672426,31,86400.000000,840.684720
1989-04-30,26.245029,30,86400.000000,1561.687703
1989-05-31,37.471607,31,86400.000000,2304.039319
1989-06-30,50.919052,30,86400.000000,3029.894011
1989-07-31,63.227745,31,86400.000000,3887.722506
1989-08-31,69.130196,31,86400.000000,4250.650045
1989-09-30,60.252670,30,86400.000000,3585.282860
1989-10-31,39.707382,31,86400.000000,2441.511765
1989-11-30,26.060205,30,86400.000000,1550.689912
1989-12-31,20.748001,31,86400.000000,1275.744861
1990-01-31,2.174068,31,86400.000000,133.678258
1990-02-28,2.145610,28,86400.000000,119.161169
1990-03-31,2.999089,31,86400.000000,184.406810
1990-04-30,3.399982,30,86400.000000,202.312977
1990-05-31,4.854359,31,86400.000000,298.482880
1990-06-30,6.596444,30,86400.000000,392.515655
1990-07-31,8.191006,31,86400.000000,503.645310
1990-08-31,8.955654,31,86400.000000,550.661709
1990-09-30,7.805592,30,86400.000000,464.464982
1990-10-31,5.143998,31,86400.000000,316.292117
1990-11-30,3.376039,30,86400.000000,200.888244
1990-12-31,2.687855,31,86400.000000,165.269762
1991-01-31,2.174068,31,86400.000000,133.678258
1991-02-28,2.145610,28,86400.000000,119.161169
1991-03-31,3.505518,31,86400.000000,215.545883
1991-04-30,3.612705,30,86400.000000,214.970890
1991-05-31,5.158076,31,86400.000000,317.157749
1991-06-30,7.009157,30,86400.000000,417.073787
1991-07-31,8.703485,31,86400.000000,535.156404
1991-08-31,9.515974,31,86400.000000,585.114437
1991-09-30,8.293957,30,86400.000000,493.524700
1991-10-31,5.465837,31,86400.000000,336.081247
1991-11-30,3.587264,30,86400.000000,213.457007
1991-12-31,2.856023,31,86400.000000,175.610014
1992-01-31,2.174068,31,86400.000000,133.678258
1992-02-29,2.071624,29,86400.000000,119.161171
1992-03-31,10.665205,31,86400.000000,655.777894
1992-04-30,4.545152,30,86400.000000,270.455308
1992-05-31,6.489386,31,86400.000000,399.016797
1992-06-30,8.818234,30,86400.000000,524.721388
1992-07-31,10.949871,31,86400.000000,673.281328
1992-08-31,11.972066,31,86400.000000,736.133640
1992-09-30,10.434644,30,86400.000000,620.904421
1992-10-31,6.876581,31,86400.000000,422.824467
1992-11-30,4.513144,30,86400.000000,268.550690
1992-12-31,3.593168,31,86400.000000,220.935319
1993-01-31,2.205879,31,86400.000000,135.634197
1993-02-28,14.993235,28,86400.000000,832.682122
1993-03-31,21.374018,31,86400.000000,1314.237122
1993-04-30,26.245029,30,86400.000000,1561.687703
1993-05-31,37.471607,31,86400.000000,2304.039319
1993-06-30,50.919052,30,86400.000000,3029.894011
1993-07-31,63.227745,31,86400.000000,3887.722506
1993-08-31,69.130196,31,86400.000000,4250.650045
1993-09-30,60.252670,30,86400.000000,3585.282860
1993-10-31,39.707382,31,86400.000000,2441.511765
1993-11-30,26.060205,30,86400.000000,1550.689912
1993-12-31,20.748001,31,86400.000000,1275.744861
1994-01-31,2.266591,31,86400.000000,139.367267
1994-02-28,2.145610,28,86400.000000,119.161169
1994-03-31,4.518657,31,86400.000000,277.841373
1994-04-30,9.302251,30,86400.000000,553.522365
1994-05-31,13.281383,31,86400.000000,816.640382
1994-06-30,18.047676,30,86400.000000,1073.911304
1994-07-31,22.410353,31,86400.000000,1377.958877
1994-08-31,24.502409,31,86400.000000,1506.594403
1994-09-30,21.355871,30,86400.000000,1270.762584
1994-10-31,14.073828,31,86400.000000,865.365937
1994-11-30,9.236742,30,86400.000000,549.624319
1994-12-31,7.353892,31,86400.000000,452.173214
1995-01-31,2.174068,31,86400.000000,133.678258
1995-02-28,19.505548,28,86400.000000,1083.283353
1995-03-31,20.428488,31,86400.000000,1256.098753
1995-04-30,26.245029,30,86400.000000,1561.687703
1995-05-31,37.471607,31,86400.000000,2304.039319
1995-06-30,50.919052,30,86400.000000,3029.894011
1995-07-31,63.227745,31,86400.000000,3887.722506
1995-08-31,69.130196,31,86400.000000,4250.650045
1995-09-30,60.252670,30,86400.000000,3585.282860
1995-10-31,39.707382,31,86400.000000,2441.511765
1995-11-30,26.060205,30,86400.000000,1550.689912
1995-12-31,20.748001,31,86400.000000,1275.744861
1996-01-31,15.105529,31,86400.000000,928.802765
1996-02-29,18.832943,29,86400.000000,1083.283331
1996-03-31,21.374018,31,86400.000000,1314.237122
1996-04-30,26.245029,30,86400.000000,1561.687703
1996-05-31,37.471607,31,86400.000000,2304.039319
1996-06-30,50.919052,30,86400.000000,3029.894011
1996-07-31,63.227745,31,86400.000000,3887.722506
1996-08-31,69.130196,31,86400.000000,4250.650045
1996-09-30,60.252670,30,86400.000000,3585.282860
1996-10-31,39.707382,31,86400.000000,2441.511765
1996-11-30,26.060205,30,86400.000000,1550.689912
1996-12-31,20.748001,31,86400.000000,1275.744861
1997-01-31,19.764259,31,86400.000000,1215.256938
1997-02-28,19.505548,28,86400.000000,1083.283353
1997-03-31,21.374018,31,86400.000000,1314.237122
1997-04-30,26.245029,30,86400.000000,1561.687703
1997-05-31,37.471607,31,86400.000000,2304.039319
1997-06-30,50.919052,30,86400.000000,3029.894011
1997-07-31,63.227745,31,86400.000000,3887.722506
1997-08-31,69.130196,31,86400.000000,4250.650045
1997-09-30,60.252670,30,86400.000000,3585.282860
1997-10-31,39.707382,31,86400.000000,2441.511765
1997-11-30,26.060205,30,86400.000000,1550.689912
1997-12-31,20.748001,31,86400.000000,1275.744861
1998-01-31,3.920809,31,86400.000000,241.081121
1998-02-28,19.505548,28,86400.000000,1083.283353
1998-03-31,21.374018,31,86400.000000,1314.237122
1998-04-30,26.245029,30,86400.000000,1561.687703
1998-05-31,37.471607,31,86400.000000,2304.039319
1998-06-30,50.919052,30,86400.000000,3029.894011
1998-07-31,63.227745,31,86400.000000,3887.722506
1998-08-31,69.130196,31,86400.000000,4250.650045
1998-09-30,60.252670,30,86400.000000,3585.282860
1998-10-31,39.707382,31,86400.000000,2441.511765
1998-11-30,26.060205,30,86400.000000,1550.689912
1998-12-31,20.748001,31,86400.000000,1275.744861
1999-01-31,19.764259,31,86400.000000,1215.256938
1999-02-28,19.505548,28,86400.000000,1083.283353
1999-03-31,21.374018,31,86400.000000,1314.237122
1999-04-30,26.245029,30,86400.000000,1561.687703
1999-05-31,37.471607,31,86400.000000,2304.039319
1999-06-30,50.919052,30,86400.000000,3029.894011
1999-07-31,63.227745,31,86400.000000,3887.722506
1999-08-31,69.130196,31,86400.000000,4250.650045
1999-09-30,60.252670,30,86400.000000,3585.282860
1999-10-31,39.707382,31,86400.000000,2441.511765
1999-11-30,26.060205,30,86400.000000,1550.689912
1999-12-31,20.748001,31,86400.000000,1275.744861
2000-01-31,3.862368,31,86400.000000,237.487729
2000-02-29,12.119162,29,86400.000000,697.102188
2000-03-31,21.374018,31,86400.000000,1314.237122
2000-04-30,26.245029,30,86400.000000,1561.687703
2000-05-31,37.471607,31,86400.000000,2304.039319
2000-06-30,50.919052,30,86400.000000,3029.894011
2000-07-31,63.227745,31,86400.000000,3887.722506
2000-08-31,69.130196,31,86400.000000,4250.650045
2000-09-30,60.252670,30,86400.000000,3585.282860
2000-10-31,39.707382,31,86400.000000,2441.511765
2000-11-30,26.060205,30,86400.000000,1550.689912
2000-12-31,20.748001,31,86400.000000,1275.744861
2001-01-31,2.174068,31,86400.000000,133.678258
2001-02-28,2.145610,28,86400.000000,119.161169
2001-03-31,4.190084,31,86400.000000,257.638192
2001-04-30,5.510599,30,86400.000000,327.903391
2001-05-31,8.383286,31,86400.000000,515.468193
2001-06-30,11.391799,30,86400.000000,677.859112
2001-07-31,14.145545,31,86400.000000,869.775660
2001-08-31,15.466063,31,86400.000000,950.971119
2001-09-30,13.479951,30,86400.000000,802.112781
2001-10-31,8.883482,31,86400.000000,546.224016
2001-11-30,5.830286,30,86400.000000,346.926082
2001-12-31,4.641819,31,86400.000000,285.414355
2002-01-31,12.100811,31,86400.000000,744.049867
2002-02-28,11.396396,28,86400.000000,632.923793
2002-03-31,12.354552,31,86400.000000,759.651809
2002-04-30,18.273163,30,86400.000000,1087.328698
2002-05-31,26.089693,31,86400.000000,1604.192698
2002-06-30,35.452511,30,86400.000000,2109.570893
2002-07-31,44.022465,31,86400.000000,2706.835849
2002-08-31,48.132061,31,86400.000000,2959.525073
2002-09-30,41.951065,30,86400.000000,2496.261723
2002-10-31,27.646357,31,86400.000000,1699.908206
2002-11-30,18.144480,30,86400.000000,1079.671522
2002-12-31,14.445845,31,86400.000000,888.240365
2003-01-31,19.764259,31,86400.000000,1215.256938
2003-02-28,18.077520,28,86400.000000,1003.974685
2003-03-31,17.731861,31,86400.000000,1090.289642
2003-04-30,20.885521,30,86400.000000,1242.774799
2003-05-31,31.266211,31,86400.000000,1922.484352
2003-06-30,42.486725,30,86400.000000,2528.135694
2003-07-31,52.757065,31,86400.000000,3243.905473
2003-08-31,57.682056,31,86400.000000,3546.731403
2003-09-30,50.274673,30,86400.000000,2991.550818
2003-10-31,33.131737,31,86400.000000,2037.191086
2003-11-30,21.744568,30,86400.000000,1293.891642
2003-12-31,17.312078,31,86400.000000,1064.478214
2004-01-31,13.374104,31,86400.000000,822.341632
2004-02-29,12.144665,29,86400.000000,698.569147
2004-03-31,21.374018,31,86400.000000,1314.237122
2004-04-30,23.420366,30,86400.000000,1393.608572
2004-05-31,37.471607,31,86400.000000,2304.039319
2004-06-30,50.919052,30,86400.000000,3029.894011
2004-07-31,63.227745,31,86400.000000,3887.722506
2004-08-31,69.130196,31,86400.000000,4250.650045
2004-09-30,60.252670,30,86400.000000,3585.282860
2004-10-31,39.707382,31,86400.000000,2441.511765
2004-11-30,26.060205,30,86400.000000,1550.689912
2004-12-31,20.748001,31,86400.000000,1275.744861
2005-01-31,11.181180,31,86400.000000,687.503960
2005-02-28,11.441668,28,86400.000000,635.438066
2005-03-31,12.501187,31,86400.000000,768.668047
2005-04-30,26.245029,30,86400.000000,1561.687703
2005-05-31,37.471607,31,86400.000000,2304.039319
2005-06-30,50.919052,30,86400.000000,3029.894011
2005-07-31,63.227745,31,86400.000000,3887.722506
2005-08-31,69.130196,31,86400.000000,4250.650045
2005-09-30,60.252670,30,86400.000000,3585.282860
2005-10-31,39.707382,31,86400.000000,2441.511765
2005-11-30,26.060205,30,86400.000000,1550.689912
2005-12-31,20.748001,31,86400.000000,1275.744861
2006-01-31,19.764259,31,86400.000000,1215.256938
2006-02-28,19.505548,28,86400.000000,1083.283353
2006-03-31,21.374018,31,86400.000000,1314.237122
2006-04-30,26.245029,30,86400.000000,1561.687703
2006-05-31,37.471607,31,86400.000000,2304.039319
2006-06-30,50.919052,30,86400.000000,3029.894011
2006-07-31,63.227745,31,86400.000000,3887.722506
2006-08-31,69.130196,31,86400.000000,4250.650045
2006-09-30,60.252670,30,86400.000000,3585.282860
2006-10-31,39.707382,31,86400.000000,2441.511765
2006-11-30,26.060205,30,86400.000000,1550.689912
2006-12-31,20.748001,31,86400.000000,1275.744861
2007-01-31,15.758625,31,86400.000000,968.960085
2007-02-28,12.871367,28,86400.000000,714.839581
2007-03-31,14.374459,31,86400.000000,883.851049
2007-04-30,21.928003,30,86400.000000,1304.806809
2007-05-31,31.307928,31,86400.000000,1925.049462
2007-06-30,42.543415,30,86400.000000,2531.508996
2007-07-31,52.827457,31,86400.000000,3248.233746
2007-08-31,57.759018,31,86400.000000,3551.463583
2007-09-30,50.341755,30,86400.000000,2995.542441
2007-10-31,33.175941,31,86400.000000,2039.909128
2007-11-30,21.773581,30,86400.000000,1295.618016
2007-12-31,17.335178,31,86400.000000,1065.898571
2008-01-31,2.174068,31,86400.000000,133.678258
2008-02-29,2.071624,29,86400.000000,119.161171
2008-03-31,2.954149,31,86400.000000,181.643542
2008-04-30,4.347054,30,86400.000000,258.667705
2008-05-31,6.206551,31,86400.000000,381.625950
2008-06-30,8.433898,30,86400.000000,501.851780
2008-07-31,10.472629,31,86400.000000,643.936833
2008-08-31,11.450273,31,86400.000000,704.049817
2008-09-30,9.979857,30,86400.000000,593.842757
2008-10-31,6.576870,31,86400.000000,404.396001
2008-11-30,4.316442,30,86400.000000,256.846108
2008-12-31,3.436563,31,86400.000000,211.306023
2009-01-31,2.174068,31,86400.000000,133.678258
2009-02-28,2.145610,28,86400.000000,119.161169
2009-03-31,4.601129,31,86400.000000,282.912398
2009-04-30,17.878199,30,86400.000000,1063.826695
2009-05-31,25.525778,31,86400.000000,1569.518900
2009-06-30,34.686222,30,86400.000000,2063.973545
2009-07-31,43.070942,31,86400.000000,2648.328991
2009-08-31,47.091709,31,86400.000000,2895.556330
2009-09-30,41.044312,30,86400.000000,2442.306140
2009-10-31,27.048796,31,86400.000000,1663.165620
2009-11-30,17.752295,30,86400.000000,1056.334882
2009-12-31,14.133605,31,86400.000000,869.041498
2010-01-31,2.174068,31,86400.000000,133.678258
2010-02-28,3.172416,28,86400.000000,176.187069
2010-03-31,3.724320,31,86400.000000,228.999521
2010-04-30,16.420732,30,86400.000000,977.101438
2010-05-31,25.585436,31,86400.000000,1573.187131
2010-06-30,34.767288,30,86400.000000,2068.797315
2010-07-31,43.171604,31,86400.000000,2654.518470
2010-08-31,47.201771,31,86400.000000,2902.323757
2010-09-30,41.140240,30,86400.000000,2448.014264
2010-10-31,27.112013,31,86400.000000,1667.052692
2010-11-30,17.793785,30,86400.000000,1058.803741
2010-12-31,14.166637,31,86400.000000,871.072582
2011-01-31,19.764259,31,86400.000000,1215.256938
2011-02-28,19.505548,28,86400.000000,1083.283353
2011-03-31,21.374018,31,86400.000000,1314.237122
2011-04-30,26.245029,30,86400.000000,1561.687703
2011-05-31,37.471607,31,86400.000000,2304.039319
2011-06-30,50.919052,30,86400.000000,3029.894011
2011-07-31,63.227745,31,86400.000000,3887.722506
2011-08-31,69.130196,31,86400.000000,4250.650045
2011-09-30,60.252670,30,86400.000000,3585.282860
2011-10-31,39.707382,31,86400.000000,2441.511765
2011-11-30,26.060205,30,86400.000000,1550.689912
2011-12-31,20.748001,31,86400.000000,1275.744861
2012-01-31,12.933432,31,86400.000000,795.245713
2012-02-29,13.909404,29,86400.000000,800.078103
2012-03-31,15.570851,31,86400.000000,957.414329
2012-04-30,26.245029,30,86400.000000,1561.687703
2012-05-31,37.471607,31,86400.000000,2304.039319
2012-06-30,50.919052,30,86400.000000,3029.894011
2012-07-31,63.227745,31,86400.000000,3887.722506
2012-08-31,69.130196,31,86400.000000,4250.650045
2012-09-30,60.252670,30,86400.000000,3585.282860
2012-10-31,39.707382,31,86400.000000,2441.511765
2012-11-30,26.060205,30,86400.000000,1550.689912
2012-12-31,20.748001,31,86400.000000,1275.744861
2013-01-31,17.203201,31,86400.000000,1057.783617
2013-02-28,15.129790,28,86400.000000,840.266040
2013-03-31,12.136063,31,86400.000000,746.217404
2013-04-30,15.977705,30,86400.000000,950.739471
2013-05-31,22.812330,31,86400.000000,1402.675513
2013-06-30,30.998999,30,86400.000000,1844.568514
2013-07-31,38.492405,31,86400.000000,2366.805725
2013-08-31,42.085754,31,86400.000000,2587.752171
2013-09-30,36.681210,30,86400.000000,2182.683544
2013-10-31,24.173447,31,86400.000000,1486.367298
2013-11-30,15.865187,30,86400.000000,944.044167
2013-12-31,12.631171,31,86400.000000,776.660446
2014-01-31,2.174068,31,86400.000000,133.678258
2014-02-28,2.145610,28,86400.000000,119.161169
2014-03-31,2.494150,31,86400.000000,153.359316
2014-04-30,3.182449,30,86400.000000,189.368844
2014-05-31,4.675202,31,86400.000000,287.466959
2014-06-30,6.352993,30,86400.000000,378.029336
2014-07-31,7.888705,31,86400.000000,485.057579
2014-08-31,8.625134,31,86400.000000,530.338788
2014-09-30,7.517516,30,86400.000000,447.323246
2014-10-31,4.954152,31,86400.000000,304.618910
2014-11-30,3.251441,30,86400.000000,193.474175
2014-12-31,2.588656,31,86400.000000,159.170250
2015-01-31,3.350076,31,86400.000000,205.988171
2015-02-28,2.145610,28,86400.000000,119.161169
2015-03-31,11.962616,31,86400.000000,735.552585
2015-04-30,4.270669,30,86400.000000,254.122424
2015-05-31,6.097490,31,86400.000000,374.920065
2015-06-30,8.285698,30,86400.000000,493.033266
2015-07-31,10.288605,31,86400.000000,632.621647
2015-08-31,11.249069,31,86400.000000,691.678305
2015-09-30,,30,86400.000000,
