,Butte County,City of Folsom,City of Redding,City of Roseville,City of West Sacramento,Yuba City,El Dorado Irrigation District,Napa County Flood Control & Water Conservation District,Placer County Water Agency,Sacramento County Water Agency,San Juan Water District,Shasta Contractors,Solano County Water Agency,City of Avenal,City of Coalinga,City of Fresno,City of Huron,City of Lindsay,City of Orange Cove,City of Tracy,Kern County Water Agency,Other Friant-Kern M&I Contractors,Stockton-East Water District,"Alameda County Flood Control and Water Conservation District, Zone 7",Alameda County Water District,Contra Costa Water District,East Bay Municipal Utilities District,"San Benito County Water District, Zone 6",Santa Clara Valley Water District,San Luis Obispo County Flood Control & Water Conservation District,Santa Barbara County Flood Control & Water Conservation District,Antelope Valley-East Kern Water Agency,Santa Clarita Valley Water Agency,Coachella Valley Water District,Crestline-Lake Arrowhead Water Agency,Desert Water Agency,Metropolitan Water District of Southern California,Mojave Water Agency,Palmdale Water District & Littlerock Creek Irrigation District,San Bernardino Valley Municipal Water District,San Gabriel Valley Municipal Water District,San Gorgonio Pass Water Agency,Ventura County Watershed Protection District
1921-12-31,4173.616810,3857.903309,2391.507683,6086.999998,2280.999987,2745.999941,1590.200569,6119.699991,0.000000,6371.600028,7183.999945,,9580.000131,758.264032,2202.576472,,649.940598,0.000000,0.000000,3993.985372,11819.999941,0.000000,1018.399980,16499.999966,19799.999909,,3199.999997,2268.750023,64054.113366,4189.999952,7910.000156,22819.999884,0.000000,43530.000605,640.000001,23030.000383,591326.150898,17950.000419,5299.999930,35090.000474,879.999982,1610.000022,0.000000
1922-12-31,27018.746671,19178.021834,15453.026972,31999.999680,12001.000181,12118.999977,13516.050757,25925.100183,0.000000,30998.399952,40999.999913,,22208.399969,3408.355930,9900.462462,,2921.447940,2579.556001,1444.551361,18876.349931,107402.828427,3019.112344,37950.599718,56350.577306,20491.119412,,3200.000050,8021.062540,166851.641988,9974.259703,22932.817701,79012.095390,32460.230554,55193.564383,2314.028243,22238.609222,1352879.353565,40974.258675,11235.006216,71958.298637,22980.693788,9024.710115,10014.156944
1923-12-31,19477.113316,19161.247650,15700.000003,27274.999473,12001.000181,12118.999977,12999.900944,36475.199981,0.000000,29143.399948,40999.999913,,42267.599972,3325.559302,9659.957972,,2850.479402,2708.132022,1516.553932,16783.815852,53655.273011,3169.597718,37996.199716,37009.739011,26887.745777,,3200.000085,7814.172458,178255.901683,17449.110966,27820.875035,85684.377314,64640.676314,96566.376653,4367.120717,38914.511702,881758.494238,59304.522529,16151.613010,47081.367825,11481.372692,11397.401284,5003.167497
1924-12-31,15528.729636,17920.723368,10587.564948,26689.999530,12001.000161,12118.999959,3488.494231,22166.499958,0.000000,12141.973677,40999.999883,,29506.700080,1223.018393,3552.577236,,1048.301479,881.302191,493.529227,4406.244835,41254.408006,1031.476084,25706.129686,25701.384702,13259.347784,,33967.516313,2974.537536,75493.694878,9056.769510,17183.850673,48206.073381,26904.503291,45591.668181,2036.807010,19227.040533,596546.004173,31321.641425,7513.295494,32955.873373,8827.094766,5388.355355,3846.529142
1925-12-31,7139.323716,18984.447338,15247.435076,25804.999504,12001.000181,12118.999977,12304.678710,23591.480181,0.000000,27290.720664,40999.999913,,19690.899851,2836.805038,8240.243205,,2431.547175,2598.837080,1455.348765,13741.847335,27104.820489,3041.678918,37786.772844,16961.101806,9312.322701,,5682.482618,6736.580070,118298.374850,5410.668906,9310.788902,30815.213958,16613.281823,31496.181892,1167.964010,12398.674583,394935.585068,19241.763601,4948.985876,21423.024640,5799.545663,3549.982421,2527.232547
1926-12-31,15337.226327,18856.834999,15700.000003,26689.999538,12001.000181,12118.999977,7776.657121,25816.399860,0.000000,26440.990541,40999.999913,,22924.799968,2444.838655,7101.674188,,2095.575990,2167.967660,1214.061890,9380.928348,43888.832234,2537.389350,37950.599718,25426.004171,12681.106268,,70858.874007,5755.471806,115116.158017,7705.304855,14654.545431,45272.548817,26900.658718,40798.372503,1891.197822,16787.969037,611405.363840,27906.815094,7462.038159,32550.594956,9390.775531,5562.428448,4092.160806
1927-12-31,26957.599591,19150.307099,15700.000003,31999.999680,12001.000181,12118.999977,14119.447941,30073.919886,0.000000,30679.918467,40999.999913,,29606.399749,3369.245788,9786.856812,,2887.924961,2630.739304,1473.214010,18101.984732,85585.042848,3079.017282,37952.215108,48109.193816,22764.367204,,16573.041831,8051.999984,172944.544912,11480.961367,22594.790138,79309.114376,44506.761946,68355.925401,2897.413154,26636.624498,1173364.703283,44936.622506,13814.150787,59647.931118,18312.401116,10084.115121,7979.883330
1928-12-31,26395.102180,19191.235944,15699.999998,31999.999672,12001.000161,12118.999959,12986.080339,37465.100045,0.000000,30998.399941,40999.999883,,46088.400474,3022.075275,8778.409133,,2590.350236,2639.773579,1478.273204,15011.661999,88430.591971,3089.590997,37965.799718,52658.386124,26864.705094,,3199.999968,7136.646762,166807.349308,15920.582019,29141.467143,93050.305110,51427.310375,88103.916393,3642.404848,35502.311709,1246122.902648,57303.259671,14872.549697,67150.163218,18921.256057,10966.779217,8245.200072
1929-12-31,3270.202395,18575.914280,11432.527188,26689.999538,12001.000181,12118.999977,4004.310585,24037.500108,0.000000,12642.471626,40999.999913,,31655.899815,1255.139542,3645.881527,,1075.833893,1313.555938,735.591325,4435.906306,7689.101937,1537.385870,34561.773474,6884.012254,3327.525101,,35233.470252,3133.999723,54024.956404,2052.607207,4025.359850,12181.101667,7448.485033,10514.909661,523.651088,4396.419733,167139.070730,7478.039362,1947.627275,8849.046441,1645.216492,1525.935625,716.925947
1930-12-31,17205.480310,18784.428932,15305.158253,25804.999504,12001.000181,12118.999977,7624.120694,22297.480460,0.000000,23830.341448,40999.999913,,19690.899763,1926.667532,5596.510450,,1651.429313,1076.419817,602.795097,6319.697605,52321.962765,1259.841754,37940.349746,24800.177365,9410.387047,,77979.656566,4554.992176,98006.744656,7493.682064,14177.977112,48798.226260,29181.304875,31031.587229,1737.991234,10903.992410,636733.543153,28542.195109,8449.525672,27518.304961,11196.169133,5845.555354,472.032639
1931-12-31,3025.000008,18535.435676,7937.520474,26689.999538,12001.000181,12118.999977,3611.914588,16586.820294,0.000000,11917.453505,40999.999913,,15173.899927,1252.357370,3637.799978,,1073.449174,169.234447,94.771290,4609.121059,3567.216414,198.071997,32666.861460,1953.488269,897.634610,,33691.357644,2998.027880,45872.378981,567.680354,1167.693578,3423.043611,2186.443944,2749.883909,153.713632,1182.004848,48135.424865,2087.855169,575.896079,2526.999134,763.267708,441.794191,332.604499
1932-12-31,4456.169887,18531.656195,10169.376333,26689.999530,12001.000161,12118.999959,3568.713521,15655.900155,0.000000,11750.497786,40999.999883,,11939.999904,1517.934999,4409.239760,,1301.087142,2585.494133,1447.876714,6468.356502,15243.480881,3026.062333,37980.999717,8530.805525,4051.249366,,3200.000050,3679.087486,64023.205903,2520.698308,5027.703455,15042.956191,9343.143866,12667.560212,656.851323,5346.461407,208216.811197,9213.908854,2510.486807,10990.551372,3261.606488,1904.577738,1421.290341
1933-12-31,6085.031619,18516.129338,10135.000026,26689.999538,12001.000181,12118.999977,3421.897639,15655.900186,0.000000,11249.999852,40999.999913,,11940.000061,1481.092736,4302.221758,,1269.508060,2109.872557,1181.528632,6438.702598,25297.585111,2469.394840,16944.302259,14636.088115,7286.468906,,3199.999997,3506.250007,69067.559659,4431.247627,8442.866018,26050.920226,15505.577710,23418.643281,1090.089092,9645.149412,352146.226136,16054.434532,4295.853108,18741.753148,5412.856181,3204.414077,2358.727217
1934-12-31,5368.490312,18531.656213,9366.178872,26689.999538,12001.000181,12118.999977,3568.713529,14361.792690,0.000000,11750.497794,40999.999913,,11940.000061,1180.653460,3429.517194,,1011.988680,852.956720,477.655763,4128.788341,19776.630464,998.300545,29315.846396,12128.839573,6504.486662,,36449.999304,2922.975021,57255.541343,3820.065399,6742.450921,21924.336873,12121.634527,21746.409424,852.187651,8648.631718,284760.704076,13646.228690,3544.224949,15372.282787,4231.552447,2567.711081,1843.957766
1935-12-31,25031.460170,18727.183092,15247.435076,25804.999504,12001.000181,12118.999977,7371.049555,26799.600189,0.000000,21418.975856,40999.999913,,27439.699936,2268.135534,6588.393694,,1944.116172,2596.246323,1453.897941,8676.326918,99997.580934,3038.646696,37861.101043,52146.503833,17491.642618,,3200.000050,5344.349959,126966.536359,10713.910226,23030.351535,80149.014536,37324.816389,51033.119306,2131.769879,19939.013054,1256342.668988,43080.481635,12355.160594,61260.340149,20801.756794,8413.837689,9323.696906
1936-12-31,25279.197900,18957.466084,15699.999998,31999.999672,12001.000161,12118.999959,10009.247881,34658.200254,0.000000,30318.853873,40999.999883,,40118.400380,3047.342609,8851.804723,,2612.007951,2667.952033,1494.053138,14907.258702,83270.362945,3122.571059,37980.999717,44623.262987,19598.849461,,3200.000050,7361.985819,159535.430892,10053.071460,21559.971475,72276.944133,43447.827138,55635.244201,2827.232980,22419.895559,1111838.751008,40292.709660,12880.304184,55734.227146,17817.135559,9632.388996,7764.064066
1937-12-31,24783.075205,19043.619021,15700.000003,30529.999711,12001.000181,12118.999977,11176.435542,35898.200275,0.000000,29486.226580,40999.999913,,40118.400845,3089.694974,8974.828257,,2648.309977,2649.201371,1483.552768,16216.808709,95917.049347,3100.625285,37950.599718,53924.611522,22638.983431,,3200.000050,7307.000601,170049.802964,12093.904476,24926.089085,101473.718784,42408.596138,86896.392706,2935.618991,35014.673131,1275148.426487,46757.839349,16854.550372,66809.604800,22585.113410,9986.197894,23760.231861
1938-12-31,27500.000395,19186.407996,15700.000003,31999.999680,12001.000181,12118.999977,14219.210782,36947.600306,0.000000,30998.399952,40999.999913,,43939.200243,3465.000004,10065.000013,,2970.000004,2625.093296,1470.052246,19899.728138,134600.000530,3072.409194,37980.999717,77189.633136,36859.713653,,3200.000050,8250.000036,215569.678210,20697.694861,42022.378969,152966.569451,59591.851456,110817.992844,4351.154765,44653.099475,1884304.472713,73671.737381,22501.685252,99063.756963,28799.999352,12790.822795,25570.524267
1939-12-31,20471.722637,18947.649784,15700.000003,25804.999504,12001.000181,12118.999977,10519.882605,30794.480130,0.000000,28548.399969,40999.999913,,41078.400345,2622.075728,7616.505686,,2247.493481,1906.145403,1067.441426,10792.989151,63720.736557,2230.952580,31055.905239,35469.118902,20546.089898,,67658.873957,6126.497516,152148.994056,20529.324689,32300.246057,88675.890179,74751.395237,90854.205277,4664.937798,33175.294479,772040.821063,60151.534995,16266.476038,32635.908065,11074.135762,11543.338491,282.514952
1940-12-31,20847.573766,19147.206212,15699.999998,31999.999672,12001.000161,12118.999959,12638.387994,30073.919939,0.000000,30889.029492,40999.999883,,29606.400294,3121.133867,9066.150757,,2675.257601,2559.296356,1433.205960,15441.432644,68294.663988,2995.400456,37980.999717,36951.286438,17648.526930,,19769.520203,7443.229384,153717.573603,9514.372734,18399.528409,62525.920512,39803.060964,52651.269655,2613.281006,21215.782321,919215.268550,36433.704947,10889.516671,47313.073111,14614.076734,8423.391472,6368.286790
1941-12-31,26416.717041,19193.548709,15700.000003,31999.999680,12001.000181,12118.999977,14908.445539,37640.000516,0.000000,30998.399952,40999.999913,,47760.000087,3439.032833,9989.571563,,2947.742428,2633.129353,1474.552438,19546.227722,128798.297784,3081.814595,37980.999717,72827.025175,29997.775076,,3199.999939,8196.305241,196382.218973,15580.666296,35872.819848,124294.617424,40986.736860,98870.659031,2498.199552,39842.328771,1711795.093963,58270.442936,18323.012702,95173.519381,30051.214943,17843.736783,21418.363686
1942-12-31,27296.341110,19193.548709,15700.000003,31999.999680,12001.000181,12118.999977,14000.839360,37640.000516,0.000000,30998.399952,40999.999913,,47760.000087,3465.000004,10065.000013,,2970.000004,2678.666684,1500.053343,19976.333913,105384.300204,3135.111487,37950.599718,64922.851515,35970.348438,,3199.999939,8250.000036,204932.596273,21902.877992,38782.166978,122107.661844,73087.847588,121211.702316,5114.505202,48844.597682,1529436.605103,77565.947291,20411.855046,82486.858350,22548.795286,14762.837506,9825.950737
1943-12-31,27361.695273,19193.548709,15700.000003,31999.999680,12001.000181,12118.999977,13737.370267,36400.000672,0.000000,30998.399952,40999.999913,,47760.000087,3465.000004,10065.000013,,2970.000004,2718.846673,1522.554137,19991.101304,119534.353807,3182.138147,37996.199716,70482.657635,35335.533292,,3199.999939,8250.000036,203472.817481,20956.827870,34317.271706,129882.874198,67649.136291,114734.632155,4776.978541,46233.370711,1705371.057790,75137.582816,19679.328836,89814.125901,25576.444125,14557.994287,11145.290971
1944-12-31,13042.802281,18968.707903,15699.999998,25804.999496,12001.000161,12118.999959,10259.376582,32088.480237,0.000000,28548.399958,40999.999883,,41078.400728,2589.940642,7523.160913,,2219.949122,2429.051913,1360.269072,11086.249914,31974.821242,2842.962359,37950.599718,23761.570377,11302.731310,,3199.999997,6066.972556,117813.935933,7026.965608,13994.032371,41913.707471,25995.451853,35376.580937,1827.559088,14917.892061,579684.460590,25677.806786,6813.701394,30606.620369,6841.566469,5301.508339,2981.307696
1945-12-31,25527.509839,19018.499778,15700.000003,31999.999680,12001.000181,12118.999977,12324.381724,26490.520447,0.000000,30319.324022,40999.999913,,25785.600060,3135.558749,9108.051603,,2687.621785,2653.495073,1485.957241,15904.430988,86462.365249,3105.650633,37582.099935,47942.022631,22149.189352,,3200.000050,7357.869074,162522.748861,11206.218110,22591.448123,78379.796569,44461.934456,65527.297752,2898.797031,25743.546756,1175192.062211,44151.343963,13669.699934,59594.940247,18500.119729,10057.382061,8061.684095
1946-12-31,26242.640378,19169.992828,15700.000003,31999.999680,12001.000181,12118.999977,13816.870460,33837.615452,0.000000,30998.399952,40999.999913,,40118.400217,3421.225913,9937.846701,,2932.479354,2611.700008,1462.552004,17606.416327,77707.383456,3056.733689,37965.799717,47129.117409,25050.993656,,3200.000085,8098.915433,176364.477477,15084.821730,27089.082377,85833.633894,49078.443789,83479.405219,3465.277761,33639.155415,1112872.458319,53751.813627,13954.166796,60044.839902,16626.839863,10194.081461,7245.376550
1947-12-31,14179.091517,18820.002133,15700.000003,25804.999504,12001.000181,12118.999977,8515.896672,23460.499991,0.000000,23764.291333,40999.999913,,29506.699867,2337.569511,6790.082864,,2003.631009,2188.881393,1225.773580,8623.645071,35728.261471,2561.866783,34900.718476,24467.056784,14948.413077,,3200.000050,5523.950011,113097.618961,10737.287065,17837.991760,50455.022057,28982.549099,55495.957752,2249.658252,23102.165502,548098.975765,35153.889492,7372.968883,32532.013258,7644.680107,5423.654376,3331.275389
1948-12-31,22686.544731,19092.441307,15699.999998,25804.999496,12001.000161,12118.999959,12162.004657,24265.599815,0.000000,27871.753816,40999.999883,,22551.699694,2519.340874,7318.085395,,2159.435034,1758.377532,984.691418,11545.529884,77443.832750,2058.005063,37949.714089,43335.111479,20385.523533,,3200.000050,5946.632645,137021.399732,10299.921824,20430.973169,71381.740643,40407.729975,60923.957013,2629.407998,23810.807445,1059319.912305,40398.530821,12475.426590,53758.877358,16570.449163,9125.626241,7220.803328
1949-12-31,5569.665705,19156.807813,15700.000003,25804.999504,12001.000181,12118.999977,12699.852216,30102.080240,0.000000,28548.399969,40999.999913,,37257.600034,2545.696374,7394.641849,,2182.025464,1865.066310,1044.437134,11110.111370,24704.756984,2182.873609,37996.199716,18413.713770,12154.313056,,3200.000050,5968.734446,111834.541789,8965.894913,14208.722437,39822.203741,22201.919467,46903.388237,1772.240043,19411.303970,399125.860173,28653.642524,5587.877044,24698.521604,5286.010322,4055.023292,2303.452372
1950-12-31,15891.845462,18972.915755,15700.000003,25804.999504,12001.000181,12118.999977,11323.505207,28350.400188,0.000000,28548.399969,40999.999913,,22924.799864,2543.378899,7387.910137,,2180.039057,2185.158278,1223.688635,11514.666411,45746.607140,2557.509248,37656.617772,26280.234971,13044.909140,,3200.000050,5963.707400,119173.161819,7816.494257,14884.723128,46507.663562,27856.145811,41614.163966,1941.889102,17078.787430,634568.079474,28482.428470,7716.503691,33642.380987,9788.404243,5778.185326,4265.433045
1951-12-31,27500.000395,19165.882039,15700.000003,31999.999680,12001.000181,12118.999977,13794.466894,30073.920196,0.000000,30998.399952,40999.999913,,29606.400165,3369.245788,9786.856812,,2887.924961,2662.065967,1490.756941,18168.609595,109775.008756,3115.682008,37950.599718,60922.220599,25022.521468,,3199.999939,8051.999984,172134.877717,11557.409946,25997.450290,85523.737354,33333.468787,66423.083262,2390.160421,26064.045065,1417028.871538,45337.182410,12034.729944,75727.030085,23488.263110,9409.055959,10235.337059
1952-12-31,27500.000372,19193.548687,15699.999998,31999.999672,12001.000161,12118.999959,13939.545351,37640.000622,0.000000,30998.399941,40999.999883,,47760.000420,3464.999994,10064.999984,,2969.999995,2646.522674,1482.052697,19883.938488,128798.297946,3097.490137,37968.244323,75731.695444,34732.608511,,3199.999939,8250.000026,208893.098153,18232.530865,41383.607888,139073.680955,58882.720063,99654.428383,4177.979294,40154.239491,1763036.814464,70858.628790,20507.423984,96422.259822,27558.625586,14468.972208,12009.053865
1953-12-31,27500.000395,19175.688797,15700.000003,31999.999680,12001.000181,12118.999977,13877.545559,37465.100260,0.000000,30998.399952,40999.999913,,46088.400349,3400.000468,9876.191837,,2914.286116,2729.561349,1528.554355,18851.444512,84963.933514,3194.678603,37996.199716,55099.788842,35614.012739,,3199.999968,8010.629429,204812.650734,22218.743856,38026.486053,117591.949617,82500.001188,122964.888680,5659.734677,49554.162740,1325830.947347,77904.876316,22251.924528,68752.419541,18179.504145,15560.107044,7921.971694
1954-12-31,25451.400795,19192.059872,15700.000003,31999.999680,12001.000181,12118.999977,13235.556463,37349.700184,0.000000,30998.399952,40999.999913,,44416.800195,2694.504208,7826.893176,,2309.575036,2286.699735,1280.551852,12386.838154,81364.223136,2676.353370,37965.799717,48960.959579,25664.535273,,3199.999968,6385.499978,153248.275762,15346.233688,27782.759872,88303.284703,50198.491826,84925.990361,3538.931198,34222.034933,1158537.598803,54942.884381,14340.288838,62355.139701,17409.284062,10503.927071,7586.337123
1955-12-31,5555.072811,18974.377689,15700.000003,25804.999504,12001.000181,12118.999977,10309.716164,30679.079905,0.000000,28548.399969,40999.999913,,39406.800171,2519.015790,7317.141105,,2159.156392,2084.528002,1167.335681,10798.827808,24706.058329,2439.731573,37996.199716,18661.707515,12455.221883,,3199.999997,5911.878352,111430.544180,9220.956120,14519.049990,40639.273618,22560.094461,48314.681873,1808.121278,19979.985402,402472.529166,29372.946003,5669.057742,25063.810971,5286.288793,4105.572758,2303.573757
1956-12-31,27500.000372,19165.882018,15699.999998,31999.999672,12001.000161,12118.999959,14414.239484,30073.920230,0.000000,30998.399941,40999.999883,,29606.400044,3369.245797,9786.856840,,2887.924969,2601.718098,1456.962135,19245.191722,128798.299109,3045.050862,37996.199717,68439.864786,25397.307112,,3199.999939,8051.999990,178297.703192,12571.789051,29568.712267,115145.566960,38926.558644,84675.739958,2775.000470,33888.340798,1633659.382568,50373.314377,19350.992791,91395.745987,31682.625428,18130.967235,26826.053716
1957-12-31,20534.419680,19170.768310,15700.000003,31999.999680,12001.000181,12118.999977,13831.863552,35350.600044,0.000000,30998.399952,40999.999913,,43939.199823,2886.663081,8385.068950,,2474.282641,2618.716515,1466.481248,14209.342206,66330.796272,3064.945809,37996.199716,45457.651017,32757.568005,,3199.999960,6856.546843,178715.947538,21201.979554,33898.400889,104572.890393,78675.876381,117335.307055,5313.132123,47283.968391,1084160.869395,72178.671422,19686.026063,57837.155911,14193.821266,13912.973657,6185.154801
1958-12-31,26055.289140,19193.548709,15700.000003,31999.999680,12001.000181,12118.999977,12937.675792,36947.600306,0.000000,30998.399952,40999.999913,,43939.200243,3401.690863,9881.102031,,2915.735025,2629.249334,1472.379627,19484.801361,128798.297376,3077.273420,37980.999717,71420.206391,29892.419890,,3199.999997,8119.089723,190880.132759,15265.465233,33894.134250,123979.137230,36233.909273,98365.916328,2347.279136,39638.915900,1700583.473737,58007.785189,18291.785498,99167.939204,31682.626334,17179.808834,15093.120617
1959-12-31,21948.639792,19168.698876,15700.000003,31999.999680,12001.000181,12118.999977,13292.372913,34056.600207,0.000000,30998.399952,40999.999913,,43939.199823,2868.379305,8331.958935,,2458.610833,2118.046499,1186.106039,14151.690297,69082.785982,2478.961622,37980.999717,46946.492636,33468.660890,,3200.000085,6840.088345,180330.926559,21585.332181,34639.791282,107092.185240,80279.618938,119456.728601,5243.636082,48138.793845,1100429.321000,73646.655117,20124.785830,59743.494399,14782.652358,14252.368455,6441.746047
1960-12-31,13594.357101,18951.909200,15699.999998,25804.999496,12001.000161,12118.999959,10095.705100,28808.080214,0.000000,28182.694481,40999.999883,,37257.600460,2216.469819,6438.317094,,1899.831274,936.308675,524.332858,7912.034344,32793.550815,1095.855673,35131.874688,17958.489229,8251.987900,,70858.874007,5270.064798,99096.132289,5218.706238,10734.649679,31468.165289,20100.059142,25279.783689,1413.095047,10866.213567,442510.722237,19193.728941,5294.233662,23230.795762,7016.747930,4061.430081,3057.645437
1961-12-31,15726.409227,18986.409133,15700.000003,25804.999504,12001.000181,12118.999977,11329.044592,23228.399831,0.000000,28345.264949,40999.999913,,22924.799864,2458.993925,7142.791876,,2107.709078,279.023607,156.253220,9329.327124,41703.429573,326.569230,31719.240197,24521.272270,12474.790316,,100541.120767,5789.616394,114356.416765,7508.829125,13999.612860,43838.171277,25561.165672,40575.607906,1797.027404,16535.074752,585940.702148,27093.470703,7188.257573,31308.880863,8923.170852,5318.396053,3888.395555
1962-12-31,24980.986728,19153.801466,15700.000003,31999.999680,12001.000181,12118.999977,14396.205587,26490.520515,0.000000,30998.399952,40999.999913,,25785.599977,2594.012833,7534.989657,,2223.439571,2593.366234,1452.285091,10993.723593,81295.164312,3035.275840,37379.185818,45705.727258,21652.895184,,3200.000050,6177.704460,143096.912979,10923.809088,21491.622462,75420.681300,42417.231406,65032.657830,2760.170129,25342.718800,1114970.922206,42751.306539,13154.165945,56658.478667,17394.507534,9599.100215,7579.898419
1963-12-31,21320.568795,19191.373212,15700.000003,31999.999680,12001.000181,12118.999977,14057.003057,36947.600011,0.000000,30998.399952,40999.999913,,43939.200439,3361.214056,9763.526542,,2881.040619,2675.988004,1498.553282,18865.307039,63290.128988,3131.976360,37950.599718,35498.536988,17009.082083,,3199.999939,8019.672144,160246.587944,9206.355097,17759.384686,60198.820936,38170.589055,50946.794056,2512.070811,20528.996143,881611.943196,35161.819883,10423.111197,45443.180675,13543.071270,8075.437817,5901.581276
1964-12-31,24935.567248,18997.981981,15699.999998,27274.999465,12001.000161,12118.999959,11064.228955,30794.480223,0.000000,29143.399937,40999.999883,,41078.399882,2693.409170,7823.712351,,2308.636431,1896.460568,1062.017918,11873.737785,76958.617876,2219.617449,37965.799718,44908.815043,21508.463924,,3199.999997,6382.613958,145746.397268,12230.100831,24266.130289,76965.186892,42063.756305,67683.983891,2918.593330,27275.729436,1074587.908687,45703.012954,12910.325556,55911.170251,16466.628709,9231.442849,7175.562121
1965-12-31,26626.259327,19165.882039,15700.000003,31999.999680,12001.000181,12118.999977,14325.125723,30073.920079,0.000000,30998.399952,40999.999913,,29606.400165,3367.483208,9781.736938,,2886.414178,2635.553006,1475.909684,18099.050447,90792.777051,3084.651239,37965.799717,49623.120584,20977.323859,,3199.999939,8046.050343,171957.024821,10697.171842,23149.866619,77949.898729,43547.267477,59198.545576,2883.774116,23855.089874,1226664.980915,42930.795905,13209.151433,62347.933557,19426.686512,10033.438815,8465.448232
1966-12-31,20235.349086,19193.548709,15700.000003,31999.999680,12001.000181,12118.999977,14069.764049,35350.600789,0.000000,30998.399952,40999.999913,,43939.200099,2769.985501,8046.148361,,2374.273287,2481.986322,1389.912340,13464.177466,59444.760521,2904.916791,37965.799717,38149.334196,23354.692885,,3200.000085,6599.686043,149017.669615,14828.615300,24243.144748,76380.339305,48004.179003,82060.057938,3391.548587,33066.312260,891934.692272,50723.285356,12512.844429,49604.782428,12720.245950,9231.478425,5543.023863
1967-12-31,27104.242732,19193.548709,15700.000003,31999.999680,12001.000181,12118.999977,14082.463999,36947.600253,0.000000,30998.399952,40999.999913,,43939.200349,3377.396680,9810.533215,,2894.911440,2608.692828,1460.867984,19376.754327,123654.536475,3053.214086,37996.199716,68322.358819,26780.637775,,3200.000050,8068.854368,183813.773954,14467.989788,31649.680262,100516.866344,39165.166427,78822.750018,2370.821913,31760.607620,1579337.677516,55124.453041,13880.221107,86980.783291,26458.029291,10168.367456,11529.453256
1968-12-31,26802.891775,19123.025190,15699.999998,31999.999672,12001.000161,12118.999959,12644.285970,35350.600184,0.000000,30998.399941,40999.999883,,43939.200277,3193.247185,9275.622774,,2737.069015,1502.123083,841.188927,16032.161205,79000.861605,1758.084857,35509.872339,51522.119812,33586.842123,,3200.000085,7526.580670,192622.385026,21021.140850,35842.444660,110665.086440,79639.394528,116337.048181,5346.448925,46883.203350,1238567.995516,73550.093472,20965.743421,64286.603756,16903.602122,14641.411783,7365.979201
1969-12-31,27003.404859,19185.395097,15700.000003,31999.999680,12001.000181,12118.999977,14177.854470,36947.599697,0.000000,30998.399952,40999.999913,,43939.200016,3301.762736,9590.834613,,2830.082345,2570.724934,1439.605963,19652.096062,134599.999809,3008.776462,37980.999717,78189.040671,31415.756634,,3200.000050,8191.647758,215056.534598,15505.330894,38789.767172,141666.022604,47330.593342,93745.944624,3367.556848,32364.188435,1831516.113112,58589.069279,21391.666941,107402.501588,32924.001020,18352.164968,30947.673304
1970-12-31,27500.000395,19193.548709,15700.000003,31999.999680,12001.000181,12118.999977,13593.210143,37640.000516,0.000000,30998.399952,40999.999913,,47760.000087,3465.000004,10065.000013,,2970.000004,2764.384016,1548.055049,19699.514085,109585.815968,3235.435052,37965.799717,69568.557017,32898.608345,,3199.999939,8250.000036,199081.778251,18321.395407,31412.501839,123690.271753,34114.291360,97669.932764,2430.963667,28618.665615,1540766.763092,65745.455933,19203.351080,84348.007668,23447.782787,12112.140819,10217.696620
1971-12-31,21826.116134,19193.548709,15700.000003,31999.999680,12001.000181,12118.999977,13708.715954,37640.000516,0.000000,30998.399952,40999.999913,,47760.000087,3059.889983,8888.251855,,2622.762842,2663.737824,1491.693181,15297.159189,62938.218464,3117.638749,37996.199716,42194.421231,29551.254370,,3199.999939,7263.393496,177126.219777,16794.431182,30593.434950,94926.158752,63167.917131,92939.216437,4270.412449,37450.414248,1009943.915344,62406.550931,16873.807099,53713.694982,13467.749254,12639.473643,5868.759143
1972-12-31,18618.172255,19186.632096,15699.999998,31999.999672,12001.000161,12118.999959,14876.915891,36590.599887,0.000000,30998.399941,40999.999883,,43939.200277,2636.947299,7659.704059,,2260.240542,1879.107794,1052.300365,11709.481841,51174.798321,2199.307763,37261.941403,31335.775904,16600.647277,,3200.000085,6307.278748,130124.482046,10051.978688,18103.322934,56961.956044,31723.724662,55627.868715,2262.137881,22416.130564,735547.467373,35717.770598,9160.438450,39829.550866,10950.589232,6639.138975,4771.871090
1973-12-31,27278.268301,19193.548709,15700.000003,31999.999680,12001.000181,12118.999977,13245.324775,36772.699982,0.000000,30998.399952,40999.999913,,42267.600429,3369.245788,9786.856812,,2887.924961,2597.223559,1454.445193,17710.690613,103629.985336,3039.790453,37571.786130,57061.191058,22763.448856,,3199.999997,8051.999984,170949.884444,12280.513712,27626.143292,85179.306918,35858.159738,66718.527036,2625.373998,26883.804237,1355635.395322,46865.987223,12268.488360,72451.169586,22173.429346,11853.957674,9662.379790
1974-12-31,27346.399274,19193.548709,15700.000003,31999.999680,12001.000181,12118.999977,13716.496138,37524.599732,0.000000,30998.399952,40999.999913,,46088.400047,3465.000004,10065.000013,,2970.000004,2665.273367,1492.553085,19786.502541,92206.143095,3119.435948,37996.199716,56613.057884,32288.721191,,3199.999939,8250.000036,198819.463168,19743.360264,34755.046966,109438.272385,70565.105813,108023.229562,4812.757722,43531.261198,1356877.069773,69676.265251,19369.831962,71307.056996,19729.100617,13873.264907,8597.229599
1975-12-31,27500.000395,19179.015354,15700.000003,31999.999680,12001.000181,12118.999977,14304.405612,36399.999972,0.000000,30998.399952,40999.999913,,47760.000057,3409.121218,9902.685444,,2922.103901,2667.952034,1494.053139,18962.473083,125525.829014,3122.571060,37980.999717,72008.192292,32342.027889,,3199.999939,8120.242588,191543.441989,18478.681608,35303.206034,115461.502688,52862.029177,102256.300213,3337.403471,41202.736784,1653884.339089,67828.123404,16522.116984,92650.411252,26858.424695,12134.673909,11703.931256
1976-12-31,13388.259620,18939.272181,15699.999998,26479.999518,12001.000161,12118.999959,9493.768250,20270.899866,0.000000,28813.399975,40999.999883,,33327.500407,2452.187488,7123.020800,,2101.874990,1049.790904,587.882906,9381.812267,32925.492444,1228.675274,26283.906145,27356.585979,23504.963743,,69583.718141,5736.790960,139870.176665,16897.004636,26398.625438,74325.783285,59181.602664,89897.673251,4123.274870,36910.381253,630807.940718,55128.816936,14193.737070,34906.957429,7044.979239,9663.950627,3069.947480
1977-12-31,3053.337860,17838.679223,10047.552961,26689.999538,12001.000181,12118.999977,3827.301896,13067.900063,0.000000,12141.973684,40999.999913,,11940.000061,954.464337,2772.491645,,818.112289,226.376546,126.770866,2780.292994,5441.326864,264.951110,13208.237236,4670.098786,3357.963836,,52743.360553,2312.417888,38800.072856,1741.652686,2130.968080,9057.008555,3335.137180,12655.903936,234.470250,4530.478186,96719.265300,5880.435479,1335.889136,5628.085078,1164.266027,828.008710,507.345121
1978-12-31,25743.764792,19016.748396,15247.435076,31999.999680,12001.000181,12118.999977,13976.042083,27674.099844,0.000000,29740.720646,40999.999913,,24700.899943,3223.987105,9364.914923,,2763.417518,2490.395813,1394.621655,18269.569500,128918.871494,2914.759260,37627.359418,69211.649612,26685.774028,,3199.999997,7713.750011,188597.250924,12789.131105,33116.765819,123332.492974,28418.886313,82776.040773,1807.283063,33240.426764,1598865.821881,49628.138901,19207.314917,96248.024470,30421.567050,16801.162471,7899.883951
1979-12-31,24912.430170,19164.492385,15700.000003,27274.999473,12001.000181,12118.999977,13998.280440,35235.200054,0.000000,29139.327049,40999.999913,,42267.599578,3357.523406,9752.806084,,2877.877205,2692.060005,1507.553603,17236.302406,82178.814126,3150.787030,37950.599718,53616.243965,30307.025205,,3200.000050,7894.872196,192660.515518,16448.128025,33153.586567,109143.383014,64416.856921,91025.472103,4304.398522,36680.853311,1288822.717485,63208.933248,18272.327971,66899.417003,17583.579971,14022.693501,7662.289007
1980-12-31,27171.853413,19193.548687,15699.999998,31999.999672,12001.000161,12118.999959,13243.386481,36947.600321,0.000000,30998.399941,40999.999883,,43939.200182,3464.999994,10064.999984,,2969.999995,2617.057344,1465.552113,19814.701926,128798.298010,3063.003916,37980.999717,73282.791676,32288.224461,,3200.000050,8250.000026,195621.982905,16958.121198,35142.129757,127885.628826,45305.432529,106488.124020,3414.447545,42907.485168,1761487.249831,61961.979047,18682.360128,96927.589954,31682.626191,18400.673627,41643.053441
1981-12-31,14583.228822,19173.728972,15700.000003,27274.999473,12001.000181,12118.999977,14718.395810,33382.480339,0.000000,29143.399948,40999.999913,,41078.399946,3255.716444,9457.081098,,2790.614095,2373.770839,1329.311670,16427.488570,38080.602064,2778.261390,37569.270363,30422.765754,22174.039348,,3199.999997,7722.577170,168250.512354,13555.106532,26103.267920,79964.731838,48074.228190,70832.939087,3379.764048,29332.000932,705232.669805,49210.328011,12533.545583,38860.777032,8148.003843,9902.781693,3550.605997
1982-12-31,27500.000395,19193.548709,15700.000003,31999.999680,12001.000181,12118.999977,13693.334111,30073.920079,0.000000,30998.399952,40999.999913,,29606.400165,3446.258547,10010.560542,,2953.935898,2569.200898,1438.752503,19695.428724,134599.999383,3006.992731,37581.069880,72574.954327,29207.993630,,3199.999939,8211.246539,201430.911630,14408.842415,34676.570775,131314.135639,37125.544417,94083.293582,2116.895934,37120.522088,1813995.911342,54467.742517,18537.436266,96362.147813,30861.999888,18698.237593,8033.653603
1983-12-31,27500.000395,19193.548709,15700.000003,31999.999680,12001.000181,12118.999977,15049.999973,37640.000516,0.000000,30998.399952,40999.999913,,47760.000087,3465.000004,10065.000013,,2970.000004,2665.273338,1492.553069,20000.000291,134600.000023,3119.435915,37950.599718,83361.169953,41102.872064,,3199.999939,8250.000036,230027.180786,22525.042765,41441.637754,170365.422484,42108.728792,89601.546399,3000.443945,43543.310363,1935327.355501,80901.376224,26949.356501,109285.419742,30862.000368,18819.600151,53469.999376
1984-12-31,27500.000372,19193.548687,15699.999998,31999.999672,12001.000161,12118.999959,14076.113933,37640.000622,0.000000,30998.399941,40999.999883,,47760.000420,3464.999994,10064.999984,,2969.999995,2729.561361,1528.554362,19628.107625,109796.875556,3194.678617,37679.092575,69312.997320,32026.168628,,3199.999939,8250.000026,190950.346451,18312.178865,31389.461782,116590.467943,38583.126515,112746.121406,2409.158874,32885.770989,1541627.528068,65722.464495,17318.876839,81025.766108,23492.942575,16565.773464,10237.375657
1985-12-31,20956.142926,18989.009107,15700.000003,31999.999680,12001.000181,12118.999977,11121.787954,33382.480059,0.000000,30958.336161,40999.999913,,41078.399793,2705.821203,7859.766352,,2319.275317,2123.551853,1189.189038,12784.254320,69343.622195,2485.405089,37965.799717,41414.017946,31232.340955,,3200.000085,6398.078182,161030.792277,19857.138149,32345.644112,100863.166020,74528.291487,109892.191803,5019.039339,44284.207505,1096483.250338,68358.170744,18822.542806,58171.307379,14838.603088,13439.011528,6466.127037
1986-12-31,25459.010184,19152.544803,15700.000003,31999.999680,12001.000181,12118.999977,13595.059487,30073.919886,0.000000,30998.399952,40999.999913,,29606.399749,3324.441430,9656.710821,,2849.521226,2674.692123,1497.827589,18902.424640,131417.576909,3130.459661,37980.999717,72737.534435,28806.844801,,3200.000050,7866.259809,188543.674438,13602.866926,32041.443463,112768.884235,36965.533513,74033.767537,2076.647315,29829.991130,1680610.077236,54354.389391,16629.697197,92867.608721,28119.065820,10842.383308,8413.328251
1987-12-31,6708.544504,18982.205665,15700.000003,25804.999504,12001.000181,12118.999977,10076.695955,32088.480093,0.000000,28548.399969,40999.999913,,41078.400720,2635.830693,7656.460584,,2259.283451,1839.859218,1030.321162,11407.995584,26646.258698,2153.371229,35772.857651,24355.655089,12676.293520,,67658.873957,6157.245953,121874.710512,7794.709348,15189.746049,46161.351100,28061.314877,40210.325662,1972.795334,16755.322383,554831.427850,28362.726780,7330.046477,31002.426138,5701.428268,5759.653780,2484.476569
1988-12-31,3766.695258,18769.016425,15699.999998,26689.999530,12001.000161,12118.999959,7108.739243,15292.819956,0.000000,23026.655171,40999.999883,,15173.899834,2034.410431,5909.477918,,1743.780369,1072.172067,600.416358,6718.739439,10389.254078,1254.870187,17489.456633,7057.337205,4223.760298,,83069.518478,4811.666932,78119.887874,2362.046294,3683.913004,13073.472812,6367.856387,14856.486781,447.679602,5649.825495,159043.192558,8262.312447,2047.451693,8794.953751,2222.960775,1411.411648,968.686043
1989-12-31,25083.816164,19075.229521,15700.000003,31999.999680,12001.000181,12118.999977,13429.637841,19709.480000,0.000000,29805.950996,40999.999913,,19690.899636,2453.961635,7128.174272,,2103.395687,1309.041681,733.063341,9687.887181,96800.381861,1532.102383,35616.399811,51528.415685,20913.741008,,3200.000050,5793.440232,137973.936813,10479.406543,22983.018678,78253.683579,40269.454628,60152.372813,2708.021276,24023.499233,1239391.993349,42348.895016,12686.103928,65007.807295,20712.117526,9737.775856,9025.592716
1990-12-31,3531.779875,18781.775444,13577.435042,26689.999538,12001.000181,12118.999977,7234.240342,15292.820037,0.000000,23026.655183,40999.999913,,15173.899857,2368.768845,6880.709501,,2030.373295,731.332753,409.546342,8730.524551,9353.191438,855.951854,17646.093041,5122.018938,2353.585399,,69699.998376,5587.717812,87379.227647,1488.449956,3061.676133,8975.172406,5732.825393,7210.157272,403.034993,3099.200041,126210.409391,5474.327027,1509.991464,6625.756202,2001.277222,1158.378169,872.084340
1991-12-31,3756.531544,18530.882024,10374.090928,26689.999538,12001.000181,12118.999977,3907.699012,14361.900183,0.000000,11760.026010,40999.999913,,11940.000061,1173.513884,3408.778425,,1005.869044,1471.748858,824.179360,4077.269775,10747.798020,1722.534863,20544.691042,6365.904422,3269.460447,,36449.999614,2834.287503,48939.379130,1959.154944,3617.556023,11402.998680,6587.617522,10688.843959,463.129482,4336.106145,151646.414672,7056.342339,1865.082569,8117.482905,2299.677362,1374.875930,1002.116383
1992-12-31,5045.440683,18714.269084,12835.909079,26689.999530,12001.000161,12118.999959,7209.673922,14361.900242,0.000000,21297.028593,40999.999883,,11940.000061,1656.547601,4811.876364,,1419.897944,1390.892258,778.899665,4868.570662,18197.482383,1627.900299,29452.136146,10517.115290,5228.293800,,67658.873957,3983.100006,70816.202460,3181.777057,6070.954177,18714.058944,11153.731799,16790.023007,784.141129,6920.101599,253157.906853,11530.746025,3087.144716,13469.921814,3893.666379,2304.035269,1696.719258
1993-12-31,26169.776422,19134.257756,15486.525978,31999.999680,12001.000181,12118.999977,14268.437549,27674.099844,0.000000,30250.746804,40999.999913,,24700.899943,3249.078751,9437.800180,,2784.924643,2608.152446,1460.565370,17011.674751,110927.352272,3052.581623,37950.599718,59133.984063,22262.704048,,3200.000050,7769.356942,165729.121042,10785.578714,23878.710925,83724.836386,33525.443599,61681.247106,2389.965308,24475.833604,1408395.576086,43808.735742,11856.511434,75299.855105,23734.827793,9406.038407,10342.780957
1994-12-31,9002.923195,18895.836079,15700.000003,25804.999504,12001.000181,12118.999977,8982.809908,25331.500151,0.000000,26843.208440,40999.999913,,31655.900160,2308.153697,6704.636930,,1978.417455,2058.530445,1152.777049,8435.065827,29342.336682,2409.304033,35164.777865,24309.784530,20833.276222,,70858.874007,5430.103323,128992.019140,14971.059486,23409.035866,65917.878951,52449.659485,79632.351306,3654.345146,32699.275638,560765.778423,48861.406251,12582.742304,31021.614889,6278.300911,8570.515862,2735.856896
1995-12-31,26360.283346,19148.002695,15700.000003,31999.999680,12001.000181,12118.999977,14568.405232,27848.999906,0.000000,30774.469959,40999.999913,,26372.500199,3283.633605,9538.173805,,2814.543090,2581.581904,1445.685866,18692.236500,134599.999371,3021.483461,37995.066232,72126.355064,27452.312763,,19493.361534,7886.344562,179331.918088,13504.427554,30895.734754,111724.186913,29815.382837,76710.500396,1882.685685,30300.661809,1635230.634578,53752.322346,16369.653606,91760.474212,28800.000110,8882.148391,7080.089105
1996-12-31,27213.546199,19193.548687,15699.999998,31999.999672,12001.000161,12118.999959,14051.377947,37639.999653,0.000000,30998.399941,40999.999883,,47759.999985,3464.999994,10064.999984,,2969.999995,2737.597337,1533.054509,19660.101539,109796.875483,3204.083924,37950.599718,68736.465674,35061.702276,,3200.000050,8250.000026,197229.397259,21698.229565,31969.145776,131449.771449,58388.935237,117598.951250,4577.703208,47388.191250,1621808.863476,76100.092087,21822.944961,85820.094441,23492.941603,13882.218104,10237.375669
1997-12-31,27500.000395,19193.548709,15700.000003,31999.999680,12001.000181,12118.999977,14060.631940,37640.000516,0.000000,30998.399952,40999.999913,,47760.000087,3465.000004,10065.000013,,2970.000004,2657.237337,1488.052909,19813.138160,125856.074366,3110.030579,37965.799717,73909.428272,33281.185005,,3199.999939,8250.000036,197335.985874,17627.839416,32498.879389,133026.441090,56369.731962,95070.388885,2711.609327,37579.237444,1766118.776607,65373.327632,19311.605284,88029.263612,26929.085942,10623.203037,26551.723115
1998-12-31,26525.824578,19193.548709,15700.000003,31999.999680,12001.000181,12118.999977,14145.965739,37640.000516,0.000000,30998.399952,40999.999913,,47760.000087,3465.000004,10065.000013,,2970.000004,2619.736008,1467.052164,19987.607077,134600.000148,3066.139023,37950.599718,81263.378013,42700.817259,,3199.999939,8250.000036,235207.909154,22944.750028,43499.297912,160435.435287,69175.363622,138379.596844,4169.797869,55759.231673,1843203.072057,86453.717413,26170.382057,101793.167622,30300.252099,16974.254511,7472.962948
1999-12-31,27500.000395,19193.548709,15700.000003,31999.999680,12001.000181,12118.999977,14076.113965,37639.999850,0.000000,30998.399952,40999.999913,,47760.000197,3465.000004,10065.000013,,2970.000004,2737.597335,1533.054508,19217.662459,103308.979801,3204.083921,37950.599718,64377.916115,36726.387372,,3199.999939,8250.000036,207166.662679,22529.274581,39517.783167,123887.325061,76472.341416,124679.039816,5319.635090,50242.315072,1516977.622026,79461.676457,21108.967414,81625.036861,22104.744737,15165.106712,9632.449500
2000-12-31,26136.050020,19189.578189,15699.999998,31999.999672,12001.000161,12118.999959,13769.101461,36225.100258,0.000000,30998.399941,40999.999883,,46088.399604,3450.515096,10022.924804,,2957.584368,2678.666662,1500.053330,18283.695343,99504.233314,3135.111461,37588.935265,60083.142611,32310.568662,,3199.999968,8191.456695,196445.689526,19335.046851,34917.412384,110745.241128,66112.861563,107001.289032,4592.448389,43118.296818,1428323.300798,69310.517359,18614.705722,76187.022976,21290.653117,13526.768921,9277.697831
2001-12-31,5833.132329,19151.848281,15700.000003,25804.999504,12001.000181,12118.999977,12479.297118,33267.080175,0.000000,28548.399969,40999.999913,,39406.800148,2633.518495,7649.744200,,2257.301567,2422.216643,1356.441320,11607.285338,25910.988913,2834.962359,37950.599718,21205.358972,17088.096280,,3199.999997,6168.332435,128705.164473,12428.721657,19340.148742,54293.886717,39426.076045,65937.498140,2843.788626,27108.292018,476112.390199,40152.500818,9539.548507,27559.265952,5544.104511,6574.534473,2415.920537
2002-12-31,18768.160497,19189.538518,15700.000003,31999.999680,12001.000181,12118.999977,13833.307285,28350.399862,0.000000,30998.399952,40999.999913,,22924.800197,2724.424419,7913.804264,,2335.220930,2157.615665,1208.264772,13103.660698,52554.811391,2525.273374,37965.799717,29765.149279,15146.042633,,3200.000050,6493.717705,130591.777491,8010.713519,14434.182495,51133.733712,30629.461562,47175.184691,2010.985809,18472.496678,725691.515303,30158.046690,8739.740277,37804.257132,11245.901738,6603.289950,4900.557532
2003-12-31,23180.664746,19174.964461,15700.000003,31999.999680,12001.000181,12118.999977,13501.290950,29899.020205,0.000000,30998.399952,40999.999913,,27934.799739,3002.354565,8721.125166,,2573.446770,2625.707981,1470.396470,14887.480568,70436.519983,3073.128621,37965.799717,41155.587602,21021.147626,,3199.999997,7135.570573,154361.878012,12253.194136,22580.565307,72928.535145,42636.368989,67808.844743,2949.029132,27324.291649,987083.741676,44604.700875,12066.569563,52451.400735,15072.272353,8960.828408,6567.952272
2004-12-31,26554.291752,19193.548687,15699.999998,31999.999672,12001.000161,12118.999959,15046.084605,36475.200189,0.000000,30998.399941,40999.999883,,42267.600471,2680.477628,7786.149300,,2297.552252,2157.443825,1208.168542,12648.294103,80158.469555,2525.072253,37387.471032,47037.723751,22644.957189,,3200.000077,6398.404107,148508.076703,12948.271220,25584.709487,80890.558160,43948.912855,71658.530538,3061.749466,28877.443372,1122622.562316,48207.104925,13518.908985,58549.875089,17151.292278,9638.757267,7473.914033
2005-12-31,25978.833054,19192.025582,15700.000003,31999.999680,12001.000181,12118.999977,14064.546983,35898.199628,0.000000,30998.399952,40999.999913,,40118.399929,3362.163270,9766.283784,,2881.854231,2643.483787,1480.350921,18251.260029,100090.268017,3093.933424,37980.999717,57928.330528,26665.736984,,3200.000050,8025.520312,177233.700563,15395.982226,29157.865896,94539.911556,44569.952698,85197.936451,3285.294048,34329.613344,1359081.042129,56146.447509,13725.137714,74487.728083,21416.045238,10451.484902,9332.339272
2006-12-31,27500.000395,19193.548709,15700.000003,31999.999680,12001.000181,12118.999977,13794.970798,36947.599697,0.000000,30998.399952,40999.999913,,43939.200016,3465.000004,10065.000013,,2970.000004,2718.846668,1522.554134,19918.605158,134599.999670,3182.138140,37996.199716,78012.552590,33567.996476,,3199.999939,8250.000036,225959.797910,17699.528146,39964.746680,142783.475064,52928.040729,81526.713486,2342.223729,34930.462951,1974445.377825,64279.183635,22555.815976,100229.785286,30862.000224,12328.581209,12549.999944
2007-12-31,22525.681467,19113.487726,15700.000003,27274.999473,12001.000181,12118.999977,13152.489690,33382.479985,0.000000,29143.399948,40999.999913,,41078.399818,3154.547667,9163.209889,,2703.898000,1754.610863,982.582083,15793.446503,71696.586145,2053.596554,37980.999717,48791.724997,34847.550730,,3200.000050,7555.172137,194008.512869,22488.256519,36065.959139,111460.159546,82500.000223,124453.683139,5643.441449,50152.481003,1164998.774845,76698.367559,20951.893915,62089.603260,15341.962569,14832.936899,6685.473404
2008-12-31,4391.005945,18976.876311,15699.999998,25804.999496,12001.000161,12118.999959,10220.093434,16586.820104,0.000000,28548.399958,40999.999883,,15173.899646,2289.215501,6649.625980,,1962.184715,1928.697426,1080.070559,8222.276369,16463.562670,2257.347468,37996.199717,9015.818805,4142.799925,,3200.000050,5500.087035,91059.704548,2619.981565,5389.187018,15798.170650,10090.965277,12691.376454,709.425451,5455.237069,222156.573305,9635.954526,2657.899112,11662.709525,3522.664257,2038.986559,1535.049911
2009-12-31,16807.804427,19023.957646,15700.000003,25804.999504,12001.000181,12118.999977,12392.134992,23591.480255,0.000000,28182.694495,40999.999913,,19690.899851,2181.369594,6336.359296,,1869.745366,2647.060972,1482.354144,7640.819439,50486.487944,3098.120161,37569.174400,28223.498574,13976.870081,,3200.000050,5177.303721,109916.712272,7658.976538,14324.905858,48556.946897,29709.313004,43152.593387,1977.531872,17243.442245,691500.635816,28771.768925,8297.637016,36010.668448,10803.255055,6308.855979,4707.668540
2010-12-31,16759.736239,19166.186703,15700.000003,27274.999473,12001.000181,12118.999977,13804.038900,29024.519802,0.000000,29143.399948,40999.999913,,25785.599808,3250.389978,9441.608983,,2786.048552,2692.060018,1507.553610,16775.470331,49798.325841,3150.787045,37637.705798,29858.129061,15588.358215,,3200.000050,7703.492175,148500.248761,9472.427142,16780.535970,53626.778840,30494.793122,51366.396029,2141.161141,20663.747451,707707.040226,33230.389937,8739.558233,37983.388631,10656.010238,6403.705844,4643.504645
2011-12-31,27500.000395,19193.548709,15700.000003,31999.999680,12001.000181,12118.999977,14070.979616,36947.599821,0.000000,30998.399952,40999.999913,,43939.200004,3465.000004,10065.000013,,2970.000004,2587.592013,1449.051528,19833.719812,134600.000104,3028.517693,37980.999717,73188.574455,28666.778480,,3200.000050,8250.000036,196720.801477,14188.911624,36503.230485,130323.375133,41250.486692,74929.240483,2334.523446,30118.510545,1895235.437094,54165.619941,18612.525322,91683.612247,30862.000716,10869.915427,12550.000203
2012-12-31,26439.961127,19161.914880,15572.159091,31999.999672,12001.000161,12118.999959,12983.841574,34056.600589,0.000000,30863.242568,40999.999883,,43939.200296,3348.957620,9727.924516,,2870.535103,2453.160602,1373.769937,17202.453657,95893.359544,2871.179169,37965.799718,58508.170719,30799.149771,,3200.000085,7859.210405,186952.131103,18180.635075,30463.084104,107208.664243,66266.201918,126123.891317,3534.531733,50825.835607,1402740.635836,66225.112814,18578.546046,73755.193618,20518.044486,11506.441822,8941.022908
2013-12-31,17186.563910,18990.739271,15700.000003,27274.999473,12001.000181,12118.999977,10461.783768,31396.079804,0.000000,29143.399948,40999.999913,,37257.600321,2689.337036,7811.883772,,2305.146031,1391.031588,778.977689,11935.851390,40535.774449,1628.063370,37996.199716,26063.711057,12213.929531,,3199.999997,6373.260244,125245.474469,7649.439247,15450.054100,45841.974955,28801.022135,37881.409946,2024.799107,16104.604916,638631.746504,28030.722535,7565.397984,33634.607708,8673.330556,5849.757876,3779.524319
2014-12-31,3381.046831,18545.292047,10587.564952,26689.999538,12001.000181,12118.999977,3708.923119,16586.820256,0.000000,12141.973684,40999.999913,,15173.899910,965.258995,2803.847558,,827.364853,497.368585,278.526408,2912.889126,8530.541494,582.120192,37996.199716,5871.154966,2771.544619,,36449.999304,2342.999993,41334.770706,1729.538662,3223.044596,10341.011801,5228.600819,8634.664737,367.586481,3656.181872,143553.117419,6329.076186,1694.128952,7569.698581,1825.257023,1246.223328,795.381076
