,City of Folsom,City of Redding,City of Roseville,City of West Sacramento,Yuba City,El Dorado Irrigation District,Napa County Flood Control & Water Conservation District,Placer County Water Agency,Sacramento County Water Agency,San Juan Water District,Shasta Contractors,Solano County Water Agency,City of Avenal,City of Coalinga,City of Fresno,City of Huron,City of Lindsay,City of Orange Cove,City of Tracy,Kern County Water Agency,Other Friant-Kern M&I Contractors,Stockton-East Water District,"Alameda County Flood Control and Water Conservation District, Zone 7",Alameda County Water District,Contra Costa Water District,East Bay Municipal Utilities District,"San Benito County Water District, Zone 6",Santa Clara Valley Water District,San Luis Obispo County Flood Control & Water Conservation District,Santa Barbara County Flood Control & Water Conservation District,Antelope Valley-East Kern Water Agency,Santa Clarita Valley Water Agency,Coachella Valley Water District,Crestline-Lake Arrowhead Water Agency,Desert Water Agency,Metropolitan Water District of Southern California,Mojave Water Agency,Palmdale Water District & Littlerock Creek Irrigation District,San Bernardino Valley Municipal Water District,San Gabriel Valley Municipal Water District,San Gorgonio Pass Water Agency,Ventura County Watershed Protection District
1921,16674.866261168092,13281.931383040477,30922.65167434366,11304.559427926724,14004.404433949458,6142.398023622551,19587.650689300404,0.0,31554.24357853436,35443.36201449639,0.0,29540.739249264934,3010.143067000389,8743.74890890589,0.0,2580.1226288574762,0.0,0.0,15844.11296118201,111009.81721164059,0.0,0.0,67837.00538082917,60298.97849861037,0.0,191646.39658023935,9020.496774789946,263415.3949455625,18136.82258184429,33885.77419578877,130163.84140645534,64213.306455858416,332377.5000219754,3724.5026884182917,199578.36022824905,1789165.9974301201,93280.13710294146,10361.841398534543,123066.99463179258,12803.387097620698,12381.84408684014,63795.69086443296
1922,20885.57282984197,17749.505984901254,40903.87150335385,14972.17907673069,14678.906168975658,8767.079565580876,26135.948676982698,0.0,38526.79187840037,50864.608982481106,0.0,22066.88312645896,3461.1848579673137,10053.917920762196,0.0,2966.7298782576972,2563.5212638791672,1435.5719077723336,19407.857050692306,94898.97583880834,3000.345287244177,0.0,47948.604442611504,21630.700649110066,0.0,218331.72957637423,8223.697026753394,181728.41525366312,11047.554931906321,28241.24711875207,73017.42719385329,35571.49302059572,68702.23443212624,2572.6633204732925,27684.74436411456,1242894.8503652082,40745.96448485294,15083.291213739558,66866.97633205274,20318.12870360536,10288.962989842305,11776.425550060225
1923,20885.57282984197,17749.505984901254,40903.871503353854,14972.17907673069,14678.906168977088,8767.079565580874,34101.48974095437,0.0,38526.79187840037,50864.608982481106,0.0,42665.301910053706,3442.6050775337208,9999.948082359855,0.0,2950.8043521717605,2716.8037720434227,1521.4101123443168,17911.0240298315,86987.34341851609,3179.747134799622,0.0,54113.45432577478,28612.568701784516,0.0,218331.7295763742,8162.992919922898,187445.370491986,17893.716582543668,32267.153694048273,107405.73892132925,63502.11382478537,106041.00121718062,4274.408550327284,42708.607162727705,1269139.0363494859,64036.61891612694,14394.216089171125,67883.71934438011,18602.48151749033,12066.227117348475,10774.894747161145
1924,19569.18741152327,15968.21067955418,39907.98059247039,14947.155299810458,14647.079232576863,7489.393258586526,20979.55935577971,0.0,23916.35104440213,50799.29206757947,0.0,31399.748030259674,1925.9554814247733,5594.442112710056,0.0,1650.8189840783773,1219.2485618217681,682.7791946201901,6162.46027353667,25501.271963240823,1427.0085167561974,0.0,20809.374777364006,13647.597985525543,0.0,204287.8379220397,4515.109484493612,87276.06195066091,9143.581151840597,9878.642203284373,42085.9523238542,28898.383743401544,39165.24250319982,1996.9931767127723,15788.483879381798,422199.916868307,33113.15214849394,6789.114698687988,22956.745916850297,5453.938366040105,4216.579847745705,3159.5458747230296
1925,20665.569237234067,17589.108633206008,40903.87150335385,14972.17907673069,14678.906168975662,8712.032276748301,21495.750906490273,0.0,37010.76714825891,50864.608982481106,0.0,20524.117317983273,2657.820594994659,7720.336014032105,0.0,2278.1319385668507,2601.865750921015,1457.0448205157684,12751.008140149623,38945.377050765856,3045.2236748779565,0.0,22523.705716261284,11523.914696624863,0.0,215556.96690463152,6356.390588251629,120866.89934181329,6853.619459415581,13175.699355442319,41099.91982766652,23896.410662211656,40012.53634704669,1603.0325176994065,16137.302004762774,544244.0909552666,25391.59671576597,6715.137163167151,29448.369844865723,8329.08113254814,4952.77456461472,4825.157925589652
1926,20885.57282984197,17539.50471908746,40903.871503353854,14972.17907673069,14678.906168975518,8767.079565580876,25906.400344965325,0.0,35231.19850728185,50864.608982481106,0.0,22829.696601988217,2695.3531755577133,7829.359224239071,0.0,2310.302721906611,2619.344161851238,1466.832730636693,13042.741901132784,60265.52670732305,3065.680407030689,0.0,34419.72805633829,17404.233475012887,0.0,204731.61252988887,6397.299327729762,136438.10369386757,9911.271922490214,20057.010370841308,60756.58432602748,34857.168603930855,56937.24166994936,2389.2946117256306,22487.591944435208,841007.1382856462,37010.84680004394,10092.965631389627,44635.172323838924,12919.681419168015,7460.779460732697,7468.274400388946
1927,20885.57282984197,17730.320078811812,40903.87150335385,14972.17907673069,14678.906168975658,8767.079565580874,32345.32462040081,0.0,38189.93310314619,50864.608982481106,0.0,26662.46972639798,3197.3955324756853,9287.672737191277,0.0,2740.624742122016,2652.8272578369897,1485.5832643887143,16026.563181248881,86057.79601765491,3104.869022572413,0.0,48967.2059607597,23575.932277538046,0.0,215556.96690463152,7619.801354471345,172614.9455946204,13531.858499971855,28443.919529553204,84041.1208467541,42433.36495634624,81748.68034970017,3151.6684309173374,33375.39727830936,1193510.6342182271,45856.034775123284,13408.058646516047,63933.164842197555,18415.069745962177,10551.383856561544,10635.049314556632
1928,20840.764290078623,17723.856033604883,40843.459166025335,14947.155299810458,14647.079232577707,8760.524611618504,37563.46854193618,0.0,38465.6461539328,50799.29206757947,0.0,46152.71711512038,3068.113817542395,8912.140136670767,0.0,2629.811843607767,2675.8309500595005,1498.4653320333202,15205.871495038531,85395.04188019561,3131.7925439496394,0.0,51348.15738141027,26898.078142379796,0.0,217887.954968525,7254.938115445577,168800.01216412065,16072.883361267472,29137.879979596786,93096.09445939572,53294.8756418935,89064.00170911732,3731.2298337605507,35890.40254905993,1218402.3530648677,57609.99163775935,14962.273268040837,65310.551811864774,18294.786330173003,11056.417478475369,10561.309014607868
1929,20885.57282984197,16149.09000684547,40125.07637767168,14972.17907673069,14678.906168975662,7863.7969863463095,25348.11537631916,0.0,25107.708511522138,50864.608982481106,0.0,33436.18656612773,1973.4234035433426,5732.32512457828,0.0,1691.5057744657222,1674.6192576931937,937.7867843081884,6449.970972573439,32192.61462122912,1959.974379204114,0.0,24115.393840493776,15206.001341072248,0.0,204731.6125298889,4639.32227124578,93370.81694307353,9956.269198845956,11784.347766673116,47051.98003345801,31657.93004424662,44045.49957622077,2176.256058937335,17757.830187837702,507850.33284836274,36416.65122333888,8003.450523670577,27695.48596267125,6884.846521327565,4927.335366871018,3988.491795215446
1930,20885.57282984197,17242.27922549713,40822.24730484632,14972.17907673069,14678.906168976539,8727.80667732948,21509.22884349842,0.0,32789.839459139555,50864.608982481106,0.0,20524.54552056036,2508.5287094599726,7286.6786322408725,0.0,2150.167465251405,1533.9082609169254,858.9886261134782,11123.85120947203,47587.40926268504,1795.2862285771696,0.0,27470.371506168176,13993.435737180294,0.0,206962.22416653752,5990.656878354058,121691.9059696184,8186.533650729348,16024.695462684474,49322.76410826984,28510.871212304704,47143.002172985776,1937.3366408182799,18847.363981905833,666432.4784097755,30347.811850850347,8129.729036224455,35695.002731540146,10182.337327986657,5990.244579681199,5893.14963131033
1931,20885.57282984197,15952.595172264702,39922.01619639438,14972.17907673069,14678.906168975402,7475.447751202323,18599.48857529073,0.0,23471.17722803312,50864.608982481106,0.0,14250.545939710495,1829.477709157158,5314.197155170792,0.0,1568.1237507061353,607.641224723063,340.2790858449153,5602.246199970416,25311.531500131976,711.183289415873,0.0,16761.500132062785,9149.588486884226,0.0,189377.9538600939,4312.330998268983,81740.97754421919,5605.43823075909,8683.03083552561,29648.819433841058,16285.939029488094,27843.846006773198,1253.0045182616602,11377.742488679563,377165.64447209495,18809.21143223774,4765.884720585142,20134.33406845043,5413.303617927724,3440.7274450696796,3136.0055737236053
1932,20840.764290078623,15801.555386323285,39861.60385906588,14947.155299810458,14647.079232576865,7413.00377633884,16184.214754599223,0.0,22421.75107358214,50799.29206757947,0.0,11893.171282568343,2289.905860484383,6651.6313090260655,0.0,1962.776451843757,2572.3397171917395,1440.510241627374,8664.42051247956,23418.23223939343,3010.6664050012123,0.0,14194.024403725232,7431.028591990378,0.0,212404.99581621695,5406.335031902911,95696.81368428443,4427.670607766831,7935.251179658662,25360.943342330833,14384.490319466444,24057.189797867253,1024.4177068574936,9702.646648233607,335290.24937110755,15789.160454377994,4146.081709927851,17934.67799896916,5007.644801837802,3029.8032730323666,2901.001517406678
1933,20885.57282984197,15824.423385680393,39917.744030609385,14972.17907673069,14678.906168975824,7419.558730301215,14294.042568201643,0.0,22457.131117726312,50864.608982481106,0.0,11948.733842447742,2392.25736551854,6948.93806174433,0.0,2050.5063133016056,2632.158721215528,1474.0088838806957,9170.807624914485,45381.996247609844,3080.678567310654,0.0,25898.14017971392,13145.750266246041,0.0,211267.7515229464,5611.146988778243,114792.89502909513,7821.246833043572,15369.991993738611,47527.34009232837,27857.763325102806,46594.646155540904,1835.9418078683898,18789.63143508549,630142.5789999185,29320.872866354955,7773.029800083339,34185.57988788975,9704.749494886113,5741.46316270774,5622.016460443122
1934,20885.57282984197,15824.423385680393,39922.016196394405,14972.17907673069,14678.906168975658,7419.558730301214,13143.359590265816,0.0,22457.131117726312,50864.608982481106,0.0,11902.075815128364,2149.0039970237726,6242.34494373572,0.0,1842.0034260203763,1427.6294034373354,799.4724659249077,7411.44472560194,20304.407962498313,1670.8974537830572,0.0,13736.605354263294,7567.437870208741,0.0,189690.26798884117,5061.06895194752,88595.54990707626,4512.956468301446,6870.841445388852,23434.18074290864,12469.796977432687,20888.910280574502,1020.5525848257914,8426.829700300786,307988.5618501343,14811.816750862816,3822.3547652158495,16058.650945689433,4342.438037176315,2743.079227174376,2515.6375568949543
1935,20885.57282984197,17018.242198776978,40903.87150335385,14972.17907673069,14678.906168976388,8169.223637413533,24245.940708938295,0.0,31016.730588253595,50864.608982481106,0.0,20541.56008492211,2508.6052750710187,7286.901037111054,0.0,2150.233092918016,2612.6791034657067,1463.1002979407956,11300.972808627284,95608.69245820878,3057.879622696263,0.0,47751.62986630739,23162.45822298976,0.0,212782.2042328888,5869.090287840724,148507.7443833491,11538.495089176606,24673.850549507777,70933.2098971299,32421.92322216391,39431.45476044298,2235.2308048199607,15737.453763264264,1277035.758684853,41328.01606184825,16648.117410927618,55244.696377005144,18373.80666073198,8559.83921195061,12390.815279152903
1936,20840.764290078623,17687.274392869243,40843.459166025335,14947.155299810458,14647.079232577289,8410.885247295493,37012.79893852758,0.0,37994.736177664556,50799.29206757947,0.0,42634.86911632458,3181.767979340453,9242.278416179412,0.0,2727.2296965775313,2638.8347470104595,1477.7474583258572,15936.750826876296,79260.5964977677,3088.4921879010417,0.0,41180.29189352019,18614.84323604974,0.0,217887.954968525,7586.093908112477,166477.2833054457,10221.331539430212,26042.422049837656,72316.85377924399,37812.64899109738,71987.90266478593,2528.2926651244993,29011.453590225126,1059377.1703888108,37720.3028989265,11418.784022310821,56989.25562025126,16993.951195252037,9351.348170612255,9815.301161506202
1937,20885.57282984197,17315.42117749763,40903.87150335385,14972.17907673069,14678.906168976519,8706.329833741955,36641.54933208335,0.0,33576.715177196194,50864.608982481106,0.0,42489.1411299593,2834.7933963840796,8234.39986568709,0.0,2429.8229111863543,2660.257442738609,1489.744167933621,13409.026263900003,78691.21312097601,3113.565310981268,0.0,47251.52640862361,24789.803787531433,0.0,218331.7295763742,6601.881029617318,154065.59328968544,14751.739926830447,26624.2869388083,85035.84217712827,48564.48895869499,81177.39242606127,3415.4408168403834,32709.762404304984,1120565.2239259388,52858.40308746706,13880.667447180034,60147.10218940138,16863.63549710649,10152.209151092835,9734.171060168092
1938,20885.57282984197,17716.52366475107,40903.87150335385,14972.17907673069,14678.906168975658,8767.079565580874,37240.58675057133,0.0,38080.781156471305,50864.608982481106,0.0,44261.69779825569,3401.0153936572874,9879.139953004502,0.0,2915.156051706246,2591.262154113976,1451.1068063038265,19463.238418687135,134104.75763370714,3032.8132251749976,0.0,71919.84939631587,38098.12353186675,0.0,218331.7295763742,8101.707889514076,219730.6735390831,18861.20464638503,39708.16244930392,120765.88065820164,45428.90303159527,92860.58092215721,3799.8448116797945,37417.1714018292,2003973.7475718665,65558.81887998457,24973.04176146777,100126.1691647487,34099.05760357358,13955.357557893069,16745.98847825949
1939,20885.57282984197,17626.326360484927,40903.87150335385,14972.17907673069,14678.906168975662,8767.079565580876,30367.92926155315,0.0,35859.23493641404,50864.608982481106,0.0,44421.76712532441,2821.895401118868,8196.934260392904,0.0,2418.7674866733155,2569.076826184425,1438.6830226632778,13889.060564305088,76437.31681214792,3006.847517366251,0.0,45017.401454046645,24597.192562281576,0.0,204731.6125298889,6659.88518564307,162622.76535660736,21346.739731617585,35235.32220249643,133305.80165324497,79537.60281959805,88065.08834959402,4580.280295106375,35003.59847913921,1071589.9391655023,75926.57796567223,10970.198653974776,38527.60041484432,10319.048871180295,10367.361125639003,661.7820611616704
1940,20840.764290078616,17713.96985033931,40843.459166025335,14947.155299810458,14647.079232576863,8760.524611618477,32285.154155002187,0.0,38205.90123760745,50799.29206757945,0.0,26667.345984150965,2877.7228374244705,8359.099670613938,0.0,2466.6195749352605,2618.9171586475504,1466.593608842628,14148.522265965421,73175.08686681121,3065.1806424810934,0.0,37958.23346949279,17173.916245727592,0.0,215146.47539237098,6827.412056288301,151094.45874763853,9428.606766559376,24016.185112990952,66535.57054147452,34875.11918351055,66395.649746152,2323.0443946181354,26757.817239573655,976698.38168547,34683.8665822871,10508.555125798484,52495.51959268922,15622.67495696865,8603.244435244038,9052.871027469133
1941,20885.57282984197,17749.505984901254,40903.87150335385,14972.17907673069,14678.906168975662,8767.079565580876,37938.03008926467,0.0,38526.79187840037,50864.608982481106,0.0,48172.91046101428,3398.855703917772,9872.866568523054,0.0,2913.304889072376,2663.501185659971,1491.5606639695836,19337.201786960868,122170.52683837192,3117.36178769643,0.0,65525.11792821362,32715.426343916806,0.0,218331.72957637423,8097.329278976143,192526.53313763422,16664.87036066834,32544.61751636281,86289.73857037965,41604.85644414049,71791.0494917344,3479.537485301858,28926.54953905389,1619758.850617473,60018.48726508555,23379.610412222228,87366.5470074084,26133.686117859143,12720.894981142157,15247.792900710372
1942,20885.57282984197,17749.505984901254,40903.871503353854,14972.17907673069,14678.906168975658,8767.079565580876,37938.03008926467,0.0,38526.79187840037,50864.608982481106,0.0,48172.91046101428,3461.1848579673137,10053.917920762196,0.0,2966.7298782576972,2705.7762985211875,1515.234727171865,19900.888956830568,96935.82816705617,3166.8405797891983,0.0,62577.31050390018,33601.47195412292,0.0,218331.72957637423,8223.697026753394,199912.82102745512,21660.87597134043,37897.91870732597,130809.18773102254,79058.94058384097,130876.69732169603,5233.449578896943,52737.58121199913,1448109.6295501827,77433.1996220024,15703.027053827418,77292.87047538749,20734.4083971843,14188.460268307712,12034.360138813408
1943,20885.57282984197,17749.505984901254,40903.87150335385,14972.17907673069,14678.906168975947,8767.079565580876,36680.00540654441,0.0,38526.79187840037,50864.608982481106,0.0,48172.91046101428,3461.1848579673137,10053.917920762196,0.0,2966.7298782576972,2670.427015140715,1495.4391284788003,19890.764669010423,112521.14895985942,3125.467778520693,0.0,65299.73527452269,35045.839076630924,0.0,218331.72957637423,8223.697026753394,196445.43954872995,18865.320982106103,34132.638427451915,101767.96240967911,54902.177819627,91974.4025977306,4127.151020756686,37053.63083671109,1557004.000923212,66837.46106146801,21129.12946560569,83434.80722304537,24070.80918760289,13165.574206916388,14062.095338092533
1944,20840.764290078623,17362.84472933162,40843.459166025335,14947.155299810458,14647.079232576865,8760.5246116185,32363.267052556446,0.0,34070.56167405096,50799.29206757945,0.0,43491.29854581668,2687.841409240441,7807.539331603186,0.0,2303.864065063235,2688.9812592001545,1505.8295051520863,13026.706832256434,32668.563094318546,3147.183665767861,0.0,29954.651593970037,18979.184302946473,0.0,217887.954968525,6359.596310991242,131998.9575911168,14575.586498517761,19772.723233497374,85648.93407145841,59817.49570258604,92080.52986042402,3622.862210300863,37120.04937660245,606210.8491060099,52957.900107618596,5426.443678394418,32517.419658504703,6986.428639068516,7492.510760267553,4047.3397944984094
1945,20885.57282984197,17716.52366475107,40903.871503353854,14972.17907673069,14678.906168975658,8767.079565580876,30029.843982400926,0.0,38080.781156471305,50864.608982481106,0.0,22866.016715394286,3244.5407928814484,9424.618493608017,0.0,2781.034965326956,2664.728547846432,1492.2479867940017,16338.38498104482,95420.22383048621,3118.7982923994637,0.0,50166.57287239124,23305.09423117199,0.0,218331.72957637423,7700.086896539613,174631.73819601658,11996.214026229716,28212.160705870465,74967.06830204591,35370.130571304806,68488.35218875883,2759.540799643681,27603.73956407319,1271289.4967503527,42330.62296770482,15533.55255385275,67905.32820505796,20449.98405197769,10480.074641122354,11857.95185459296
1946,20885.57282984197,17749.505984901254,40903.87150335385,14972.17907673069,14678.906168975662,8767.079565580876,33521.424565210255,0.0,38526.79187840037,50864.608982481106,0.0,40465.244787252006,3450.388406321154,10022.556799313828,0.0,2957.4757768467034,2668.4106344058155,1494.3099552672566,17989.56882549379,83867.18913000022,3123.1078065085667,0.0,52819.50552489116,28052.079858932695,0.0,218331.72957637423,8201.808005555778,186726.966208006,17750.44396552208,31807.059257486537,107108.35601363919,63859.11510525631,106383.08005225763,4264.006063813748,42862.81454974035,1233733.4666374293,63493.84619173277,13701.871861609949,65940.84716626273,17944.22167008463,11870.471037924737,10371.826811909657
1947,20885.57282984197,17730.70205200019,40903.87150335385,14972.17907673069,14678.906168975658,8767.079565580876,29290.871504807154,0.0,38265.46653169805,50864.608982481106,0.0,39915.43340231457,2750.9941256366237,7990.98293637305,0.0,2357.994964831392,2664.9285526448425,1492.3599894811118,13281.159685352655,85051.63172704053,3119.032378015524,0.0,39132.729243596434,19283.53458526904,0.0,204731.6125298889,6497.230250206097,144196.55421660157,15420.847942944318,28739.28064892585,90184.8595268136,43078.656744676024,67199.1348682087,2694.8773250050385,11423.006184639395,1024280.4600214849,55237.093574947954,14678.902611275198,42401.329220893414,15579.595054942787,8522.703017341151,525.0551575640341
1948,20840.764290078623,17680.56403619287,40843.459166025335,14947.155299810458,14647.079232576863,8760.524611618503,29709.032631157304,0.0,37857.158292791966,50799.29206757947,0.0,22795.517144528912,2522.641707745668,7327.673532023131,0.0,2162.264320924858,2065.314602756028,1156.5761775433755,10553.10230549204,63002.131355788355,2417.244211065655,0.0,33440.30775043628,16228.844869851195,0.0,215146.47539237098,5907.666726956646,130970.77823736952,9170.158968103615,20942.73784937184,60988.118008686746,36400.92905753462,59538.329242075204,2253.404679237962,23514.85089357748,847886.0564955394,36683.36511589807,10135.011442972225,45783.40056289286,13508.052025144909,7599.02622439947,7808.384422609724
1949,20885.57282984197,17730.70205200019,40903.871503353854,14972.17907673069,14678.906168975662,8767.079565580876,27884.22415114804,0.0,38265.46653169805,50864.608982481106,0.0,39915.43340231457,3070.7223105290554,8919.717187727256,0.0,2632.0476947391903,2499.7425072287124,1399.8558040480789,15155.467797917729,41700.97622508084,2925.698630460485,0.0,26910.600483187336,14514.510297922177,0.0,218331.72957637423,7257.09069531963,137117.4872156413,9109.378510431503,14474.090892705415,49235.51595793887,27859.07621845143,48408.93279893797,2018.4861170873419,19973.691814351238,609641.0425808121,31304.326290938145,7823.5282849371215,33261.272628309285,8918.046598337016,5684.585678415409,5166.354192011464
1950,20885.57282984197,17749.505984901254,40903.871503353854,14972.17907673069,14678.906168975662,8767.079565580876,31092.467819815898,0.0,38526.79187840037,50864.608982481106,0.0,22822.11749031769,2661.9463539497274,7732.320361473018,0.0,2281.6683033854806,2644.686350009583,1481.0243560053661,11839.894977925735,68787.7489524355,3095.3409040512156,0.0,39070.328359394094,19715.489068819457,0.0,218331.72957637423,6301.699757605142,141203.85589333862,11441.330499606363,22888.80519803583,69121.13319458796,39763.564908098444,64934.1434763594,2706.957964272939,25640.49602019502,958220.3709375288,42064.470168569394,11484.539351781114,50896.65114551533,14735.597180618526,8508.900866493534,8517.971893268535
1951,20885.57282984197,17749.505984901254,40903.87150335385,14972.17907673069,14678.906168975644,8767.079565580876,37241.06114774771,0.0,38526.79187840037,50864.608982481106,0.0,44261.69779825569,3362.2996238765136,9766.679859831776,0.0,2881.9711061798685,2670.3822382064395,1495.414053395606,18142.996994550955,100923.49784032369,3125.4153715968173,0.0,52943.28206524928,26122.22151365955,0.0,218331.7295763742,8023.214541861107,196460.03238371087,12852.475644258046,33839.517755827575,81473.10763397979,32699.451715621726,79103.96185974921,2663.8224337971446,32009.4107757179,1577588.9675656604,42900.292882227455,18788.522122446633,71149.93738215804,21536.66946635813,10589.420704258791,12597.65238832193
1952,20840.764290078616,17723.856033604883,40843.459166025335,14947.155299810458,14647.079232576865,8760.524611618503,37698.3788200231,0.0,38465.6461539328,50799.29206757947,0.0,47813.665307434494,3454.2523333770982,10033.780587428713,0.0,2960.7877143232267,2634.188304447429,1475.14545049056,19830.30799363718,112063.70481440316,3083.0539915252707,0.0,65041.49738778685,33652.54924607728,0.0,217887.954968525,8215.038082787303,197553.6432863415,19225.111984264193,35261.20780589966,107633.06743519074,59225.65888845665,99580.08685776289,4335.174306651674,40077.97870782446,1559942.0102372612,68995.66190636496,20516.120017829304,83800.60283670393,23950.733471003114,13534.571551195368,14004.095469682059
1953,20885.57282984197,17749.505984901254,40903.87150335385,14972.17907673069,14678.90616897571,8767.079565580876,37762.16776863456,0.0,38526.79187840037,50864.608982481106,0.0,46511.962268700176,3461.1848579673137,10053.917920762196,0.0,2966.7298782576972,2725.151087321752,1526.0846089001811,18670.892012203913,79738.90480887363,3189.516832601379,0.0,54104.44227264916,29379.806321933596,0.0,218331.72957637423,8223.697026753394,192282.2679008696,20049.424649783374,35135.29324780755,126864.76942444663,79095.16108033327,131366.438372145,5018.763143323055,52896.47383842511,1233783.885961875,71644.18667483283,11534.7082550895,65673.43392790423,17037.92429285216,12917.039090978149,9894.081672259657
1954,20885.57282984197,17749.505984901254,40903.87150335385,14972.17907673069,14678.906168975658,8767.079565580876,37687.88255421875,0.0,38526.79187840037,50864.608982481106,0.0,44800.806728743286,3003.518681584192,8724.506646506463,0.0,2574.4445842150217,2601.838268336024,1457.0294302681737,14865.613473855712,82637.93971122729,3045.191509260483,0.0,49351.47894827727,25782.04489125742,0.0,218331.72957637423,7106.234259365194,164069.57142127564,15337.63126476381,27995.614912901307,88728.55367582101,50562.7037738705,84675.69901948153,3550.4651217088813,34096.03468244785,1172637.616253036,54882.375626324545,14504.309351716234,62870.91292409957,17667.512137331047,10586.994279617687,10225.34075485617
1955,20885.57282984197,17749.505984901254,40903.871503353854,14972.17907673069,14678.906168975662,8767.079565580876,30038.899322673882,0.0,38461.98556035828,50864.608982481106,0.0,42664.59575832926,2805.037199306766,8147.965197986321,0.0,2404.3175994057997,2505.1690434714924,1402.8946643440356,13662.861263928145,32391.266451090672,2932.0498484790346,0.0,24160.610614224242,15197.864518637633,0.0,218220.6222890598,6658.137679291737,122588.19196082684,9935.139219296636,11800.345974132397,46841.79256807051,31495.48855126518,43443.13714993959,2168.5517272343886,17514.895203731274,509834.17147871223,36355.84604226292,8061.622822724872,27784.36408083404,6925.69681445803,4921.472536102231,4012.156964580993
1956,20840.764290078623,17723.856033604883,40843.459166025335,14947.155299810458,14647.079232576863,8760.5246116185,32188.20759137342,0.0,38465.6461539328,50799.29206757947,0.0,26619.342247885274,3378.467178267089,9813.642755918687,0.0,2895.829009943219,2614.7981004443345,1464.2869362488273,19363.97174380664,116045.85665713143,3060.3596967600492,0.0,58468.23404807914,28564.651723831572,0.0,217865.55822312256,8060.336936274449,202246.09276376787,12807.461999115703,35695.35560901467,80121.05401937538,29655.48591552448,74745.06242564257,2578.932195899954,29753.676036853994,1613933.8103284086,43935.863269561385,21931.17276476749,84328.41652298547,30208.632681447954,11378.152680585548,14528.997343267269
1957,20885.57282984197,17749.505984901254,40903.87150335385,14972.17907673069,14678.906168975662,8767.079565580876,35579.57592597101,0.0,38526.79187840037,50864.608982481106,0.0,44376.45745001059,2699.873975987125,7842.491073105459,0.0,2314.17769370325,2719.609171326763,1522.981135942987,13188.301517590793,65726.58609755672,3183.0305741208435,0.0,48143.793433750216,27983.162283086425,0.0,218331.72957637423,6380.602195921523,156798.77128665833,19689.62531425112,31165.64976155899,119785.59045699565,80605.38680021127,123262.3658687491,4931.743206955838,49172.87745593814,1063380.1936546199,73312.82153090078,10599.934252634968,56610.07252334366,14078.978523296382,11604.568257468374,8138.410807341037
1958,20885.57282984197,17749.505984901254,40903.871503353854,14972.17907673069,14678.906168975263,8767.079565580876,37240.58675057134,0.0,38526.79187840037,50864.608982481106,0.0,44261.6977982557,3362.9576505912078,9768.591270764937,0.0,2882.535129078178,2623.874920782798,1469.369955638367,19274.555176893467,134446.6541873279,3070.9832072841873,0.0,70272.74890786828,34403.82824767334,0.0,218331.72957637423,8024.548642150831,207749.52107268223,16616.25642323235,40801.22017161502,96682.39682744676,36443.08498290841,90005.30913120793,3312.3719223548655,36575.91060928314,1970237.6273518736,55059.86779001806,25100.104844926365,97949.30258747377,34313.60714955711,13543.61406362686,16845.368531249605
1959,20885.57282984197,17749.505984901254,40903.871503353854,14972.17907673069,14678.906168975775,8767.079565580812,34351.40640858262,0.0,38526.79187840038,50864.608982481106,0.0,44376.457450010595,3314.317420953478,9627.302984674388,0.0,2840.84350367441,2654.333220044249,1486.4266032247792,16826.98624909917,60007.35929148273,3106.631600739789,0.0,47207.22685335097,28272.017634139433,0.0,206319.2900702633,7868.138319757715,176865.67917473774,20464.026515640347,30717.67683050013,123094.41428429724,83592.26271063412,127476.14927321521,5127.724863220263,50914.97885096076,1015793.640058488,75518.68223284377,9687.888698318064,53837.37168858496,12848.904186860618,11489.30842494515,7427.361333338589
1960,20840.764290078623,17705.05210070382,40843.459166025335,14947.155299810458,14647.079232576863,8760.5246116185,30656.985128562188,0.0,38204.320807230484,50799.29206757947,0.0,40199.05017928815,2648.9855791060886,7694.672396451019,0.0,2270.5590678052185,1461.5297380064223,818.4566532835964,10433.166866530823,70327.72154222803,1710.5744053627168,0.0,41545.65764541548,21468.361551688187,0.0,188266.281600199,6265.186420680375,142780.2347009354,12700.564013165069,23736.715854821254,74700.18281473266,42825.7597903932,71291.56615257167,2962.4301636556115,28740.672883890114,992372.0814294922,46143.2512589408,12181.98518224519,53332.423441801846,10288.411372276048,8981.413999995722,8709.287841063628
1961,20885.57282984197,17749.505984901254,40903.871503353854,14972.17907673069,14678.906168975662,8767.079565580876,25790.32996068902,0.0,38526.79187840037,50864.608982481106,0.0,22801.766734312405,2660.316976441367,7727.587407758256,0.0,2280.2716940926002,952.6085861567639,533.4608082477877,12636.582289844195,36780.92319911517,1114.9330892378764,0.0,19828.361553728224,9738.738258746309,0.0,185581.9701399181,6324.545885448841,118589.11839929293,5791.463831327568,12455.937132782585,37357.95135227939,22580.055686450443,37793.78625640033,1379.4597390128372,15245.858988111288,496566.89757762774,22851.09345877308,6116.5422681562195,27308.87415983792,7865.396274242734,4567.38274615879,4556.538538478005
1962,20885.57282984197,17749.505984901254,40903.871503353854,14972.17907673069,14678.906168975662,8767.079565580876,29794.5038671599,0.0,38526.79187840037,50864.608982481106,0.0,22786.877426367693,2604.4623171399066,7565.34292121592,0.0,2232.396271834206,2587.643908310176,1449.0805886536984,11932.73296601842,76977.75267368674,3028.57843028623,0.0,42207.39181993868,19813.928225352498,0.0,212782.20423288873,6185.155142546241,144854.42221167343,10969.462165540808,25276.529365848728,72425.10803301843,36691.41088243567,69863.83637529498,2659.7965774649947,28155.51579859286,1055527.0440593136,38336.480255293674,11440.97520578499,56117.17034435164,16502.430677097243,9260.490370875195,9525.74909060826
1963,20885.57282984197,17749.505984901254,40903.87150335385,14972.17907673069,14678.906168975662,8767.079565580876,37240.438295467895,0.0,38526.79187840038,50864.608982481106,0.0,44261.69779825569,3362.2996238765136,9766.679859831776,0.0,2881.9711061798685,2667.358609674563,1493.7208214177551,18725.989275766337,76815.16344424551,3121.8765167631086,0.0,46180.83692973092,24233.780254108795,0.0,218331.72957637423,8023.214541861107,173202.0528611445,14452.992866518305,26077.6429120155,83085.20017635764,47506.89757989277,79130.88297381767,3340.279765811,31887.53117354927,1094688.6996272884,51722.956021759404,13577.012597848388,58661.52932839766,16437.72786345893,9892.867144967644,9493.428373910883
1964,20840.764290078623,17723.856033604883,40843.459166025335,14947.155299810458,14647.079232576865,8760.524611618503,28707.27997460004,0.0,38465.6461539328,50799.29206757947,0.0,44000.15856041882,2687.841409240441,7807.539331603186,0.0,2303.864065063235,2324.694973978197,1301.8291854277902,12836.42959124447,82257.60461825332,2720.822997544082,0.0,48865.31511459166,25376.207125820307,0.0,211811.92195402685,6359.596310991242,152934.85410704368,15044.217734725367,27791.203776544586,87742.21106019309,49829.12417884091,83892.38305236967,3496.8311227077133,33793.05025899325,1164405.9145938403,53934.29517278271,14304.175807300486,62479.11647994975,17604.249340267354,10526.905790156978,10175.891688890746
1965,20885.57282984197,17749.505984901254,40903.87150335385,14972.17907673069,14678.906168975662,8767.079565580876,32345.740516855927,0.0,38526.79187840037,50864.608982481106,0.0,26662.46972639798,3362.2996238765136,9766.679859831776,0.0,2881.9711061798685,2651.6014957285865,1484.8968376080084,18761.092406380834,55756.46317774118,3103.4343906007375,0.0,29641.316378149357,14382.193590842311,0.0,217092.06748057905,8023.214541861107,156307.47747077415,8377.542697389175,18631.779725930024,53991.2020185673,32285.99175899073,52597.38650126234,2005.3846443452362,20771.003928433547,753474.7343520444,32571.26545374059,9001.650010966763,40502.020649589394,11934.050789091643,6714.007708674038,6898.526605221363
1966,20885.57282984197,17749.505984901254,40903.87150335385,14972.17907673069,14678.906168975662,8767.079565580876,36884.14911282291,0.0,38526.79187840037,50864.608982481106,0.0,44376.45745001058,3089.8470654772073,8975.270047338554,0.0,2648.440341837606,2705.582174910064,1515.1260179496358,15462.109150591483,102586.88976823648,3166.613377514739,0.0,52273.079668100014,24160.771458077554,0.0,218331.72957637423,7324.707080907752,177946.7902491315,12176.46152144744,30199.180615155194,70866.77908264691,31574.951048425708,62800.52835655955,2595.1005768778177,31152.708978463263,1355044.9870309127,42401.23581243323,18518.18652788131,71893.87465911995,21893.89895073805,10595.25287503962,12814.297129102293
1967,20885.57282984197,17749.505984901254,40903.87150335385,14972.17907673069,14678.906168975662,8767.079565580876,37240.91269264372,0.0,38526.79187840037,50864.608982481106,0.0,44261.69779825569,3413.273452504886,9914.746695371336,0.0,2925.662959289902,2608.795899634848,1460.925703795515,19515.739748923275,108021.39887994657,3053.3347209326266,0.0,63724.94487677434,33197.86772649373,0.0,218331.72957637423,8126.560193371737,195035.3753613397,19300.8009127928,34934.416249309,108592.78075269738,60732.75726682053,101379.86295809658,4382.99318906227,40842.81783609763,1519831.2023760432,69136.65255455223,19612.523037163857,81521.44152869313,23093.442415380603,13371.967944016593,13469.454944913005
1968,20840.764290078623,17723.856033604883,40843.459166025335,14947.155299810458,14647.079232576865,8760.524611618503,35384.83985712171,0.0,38465.6461539328,50799.29206757947,0.0,44017.21229643081,3454.2523333770982,10033.780587428713,0.0,2960.7877143232267,2210.289347245546,1237.762034457506,17987.794161376,75360.1115299433,2586.9226520161874,0.0,51259.998821639136,27840.256899887518,0.0,213201.12739748292,8215.038082787303,188325.42034856117,19004.804697303956,33303.618914654086,120288.83418020036,75030.67911696158,124573.84402077386,4759.6738819853845,50189.4587034009,1168549.680389238,67950.01047650754,10869.548521020035,62213.503367417914,16130.632424938096,12249.587049583943,9332.608569671878
1969,20885.57282984197,17749.505984901254,40903.87150335385,14972.17907673069,14678.906168975662,8767.079565580876,37241.06114774771,0.0,38526.79187840037,50864.608982481106,0.0,44261.69779825569,3461.1848579673137,10053.917920762196,0.0,2966.7298782576972,2580.3414187473118,1444.9911944984945,19771.91648751436,134509.81989868626,3020.031596501854,0.0,71444.34704586312,37004.74959953595,0.0,217375.49999771902,8223.697026753394,221250.3837059046,18283.1221180251,41259.461186426386,118518.44472712054,43446.35205739693,93068.10000401814,3640.3822924217916,37385.39130578104,2049137.7033540132,62772.261111284366,25778.442057241304,99542.78501118736,34131.44712428158,13800.650175989604,16859.337514763174
1970,20885.57282984197,17749.505984901254,40903.87150335385,14972.17907673069,14678.906168975662,8767.079565580876,37938.03008926467,0.0,38526.79187840037,50864.608982481106,0.0,48172.91046101428,3461.1848579673137,10053.917920762196,0.0,2966.7298782576972,2714.9126323479572,1520.351074114856,19564.84506802096,100946.0965428425,3177.5337449000494,0.0,60468.818631868606,31421.40574027821,0.0,218331.72957637423,8223.697026753394,202534.8985010005,17639.00387719424,34608.791088186685,102735.006491084,56079.180831717196,112530.82286206927,3952.0769593688287,45253.72411303084,1494781.2227418446,61252.35486891784,16945.287582122954,82797.17461452757,26952.73193078118,12871.178873709574,12605.963232798626
1971,20885.57282984197,17749.505984901254,40903.87150335385,14972.17907673069,14678.906168975662,8767.079565580876,37803.67027052263,0.0,38526.79187840037,50864.608982481106,0.0,48172.91046101428,2970.1511935486324,8627.58203840317,0.0,2545.843880184542,2686.7333984751263,1504.5707031460706,14748.828831667006,61119.37728491318,3144.552769575288,0.0,43058.90695268118,24949.585665955507,0.0,218331.72957637423,7034.929502797897,157524.33053849987,16945.194888905637,26618.37235393387,99608.43577641831,66345.06511682649,100116.31549321883,4145.400614165651,39882.63010412248,959903.4311599364,63185.517472743086,10691.365916972092,51207.05453235711,13067.293862884992,10001.522161461775,7553.354645111722
1972,20840.764290078623,17723.856033604883,40843.459166025335,14947.155299810458,14647.079232576865,8760.524611618503,36600.9304336678,0.0,38465.6461539328,50799.29206757947,0.0,44017.21229643081,2913.0702114884134,8461.775376228248,0.0,2496.917324132926,2330.3730331312504,1305.0088985535,14320.405549337496,83465.33274326351,2727.4685979768155,0.0,47721.29194304126,23003.6148042452,0.0,217887.954968525,6928.494054502364,161273.14431067574,13274.480876710708,27810.998062058123,82866.34154653068,42037.45020413425,81010.12197510194,3107.27160352416,33076.82519970604,1162117.5230106914,45033.04283599793,12904.906885670855,62246.08910813558,17882.552775354954,10336.54053213536,10322.431995249395
1973,20885.57282984197,17749.505984901254,40903.87150335385,14972.17907673069,14678.906168976202,8767.079565580876,37064.72442994082,0.0,38526.79187840037,50864.608982481106,0.0,42600.74960594158,3399.390530723442,9874.420113053808,0.0,2913.763312048665,2644.502484932186,1480.921391562024,18099.63252801997,95383.48839377196,3095.12570836463,0.0,54831.26700637372,28401.198518495687,0.0,218331.7295763742,8098.4136006008775,182423.65960798817,15946.684318223888,29096.91264081203,87079.08305534387,47171.4648077497,78915.11899186714,3533.794487246056,31756.187346254635,1317350.0029534537,57079.389306287805,17904.8712817053,70809.4570868475,20378.92611847951,11211.075997822527,11853.23336771389
1974,20885.57282984197,17749.505984901254,40903.871503353854,14972.17907673069,14678.906168975662,8767.079565580876,37821.868599011854,0.0,38526.79187840037,50864.608982481106,0.0,46461.7549210574,3461.1848579673137,10053.917920762196,0.0,2966.7298782576972,2667.796953312584,1493.9662938550468,19810.20460656517,86084.29291745702,3122.389554157048,0.0,53801.50086912889,28479.66226251619,0.0,218331.72957637423,8223.697026753394,188099.93381450305,17891.65448374468,32220.991831358766,107689.41466950995,63873.20789295653,106585.98800569355,4284.3849556630175,42942.678524566654,1260194.960074509,64023.96949986983,14153.79692619424,67382.37748946324,18417.91903213935,12036.538828955097,10649.218226209126
1975,20885.57282984197,17749.505984901254,40903.87150335385,14972.17907673069,14678.906168975658,8767.079565580876,36543.881378754675,0.0,38526.79187840037,50864.608982481106,0.0,46511.96226870016,3429.2523882803903,9961.161699290657,0.0,2939.35918995462,2670.427015140715,1495.4391284788003,18230.80518629815,96885.01107741157,3125.467778520693,0.0,55704.490046919345,28890.969123183357,0.0,218331.72957637423,8098.323002458549,183139.43500114343,16174.517358609835,29343.98159776461,87654.24893181847,47371.82602377277,78975.0976886731,3570.0493953418563,31798.884473428927,1337978.6950688013,57910.71707357316,18317.04008096099,71915.74566662547,20704.519558737946,11342.071354922482,12039.968800456705
1976,19569.18741152327,17362.84472933162,40828.7138900265,14947.155299810458,14647.079232576865,8760.524611618503,22621.88126600497,0.0,34070.561674050965,50799.29206757947,0.0,33370.52147861776,2687.841409240441,7807.539331603186,0.0,2303.864065063235,1646.2838965797564,921.9189820846635,11335.504785897529,75501.90766303705,1926.810672556947,0.0,48545.231142723496,26043.10329956618,0.0,204287.8379220397,6359.596310991242,154816.8624765725,16720.16290684606,29407.794689314913,101056.56369502186,60941.069518248354,101558.77296448352,4039.289992359085,40927.30921495878,1125416.500698888,59820.55729651924,12238.887198168872,60125.02438918316,16177.063490193526,11005.457279095848,9337.862128943834
1977,17991.16670032418,15952.595172264702,39910.56964123941,14972.17907673069,14678.906168975658,7475.447751202323,11720.825494224122,0.0,23471.17722803312,50864.608982481106,0.0,11948.733842447873,1533.4292645502826,4454.246911312725,0.0,1314.3679410430993,554.2163935747127,310.3611804018391,4641.139956812525,4358.538870626764,648.6548670398438,0.0,4291.466686787733,2166.872121950889,0.0,188356.73281166086,4312.330998268983,67780.10779336716,1288.3611942540897,2204.934030016468,7918.8498270561795,4663.8047590846,7879.1062295304655,303.21584976552026,3176.540834399353,104891.87961729866,4871.016138359906,1237.2507338199105,5708.614308187678,932.1307945120157,957.5701400637835,539.996935946504
1978,20445.565631512924,17588.35187816676,40803.54129761785,14972.17907673069,14678.906168975662,8711.190544679766,27953.404010205977,0.0,37066.7350461645,50864.608982481106,0.0,24337.023964706532,3263.414381212594,9479.441773998487,0.0,2797.212326753652,2517.3214601261766,1409.700017670659,18461.211243535385,116777.11910493487,2946.2730369316773,0.0,57256.613118524314,25864.87970978365,0.0,212782.2042328888,7822.732056968818,183259.86175488177,11962.602945609033,30413.981032585078,70948.6310207859,29962.626711705085,60013.44052384426,2548.550586115062,24186.172564024593,1491560.8374007232,43928.285849126136,20567.16806954162,80480.80755864637,25013.11530666425,11421.060920481419,14593.842122027954
1979,20885.57282984197,17749.505984901254,40903.87150335385,14972.17907673069,14678.906168975662,8767.079565580874,35246.3563694047,0.0,38512.97774884237,50864.608982481106,0.0,43668.43441627556,3420.212299032355,9934.902392427317,0.0,2931.6105420277327,2717.3673567208793,1521.7257197636925,17781.71273301312,80459.05703724091,3180.4067543061174,0.0,54765.33994690645,29703.862807592297,0.0,218331.7295763742,8072.367878960104,191093.73933327856,20252.642563224643,35627.72229066359,128302.3342159613,80000.11285139868,134740.0127257617,5075.30189316547,54298.534509530946,1248250.6778627948,72453.14538115278,11583.322101438638,66498.2359711573,17242.837614524808,13094.111912013908,9953.057330448373
1980,20840.764290078623,17723.856033604883,40843.459166025335,14947.155299810458,14647.079232576863,8760.524611618503,36835.63254367208,0.0,38465.6461539328,50799.29206757947,0.0,42298.983676934564,3454.2523333770982,10033.780587428713,0.0,2960.7877143232267,2591.493634104103,1451.2364350982975,19744.108811638293,112675.47207325394,3033.084149355442,0.0,61142.05931694492,32264.8257883252,0.0,217887.954968525,8215.038082787303,196060.27995808245,15810.157504540892,33686.39684849163,88680.99355710269,38333.546413638935,81632.74431858603,3208.6537973048175,32837.83329608803,1682879.0937364702,55322.748446372556,23388.202186121816,84807.35205183401,29493.682863299447,11731.468018786627,14105.767310032963
1981,20885.57282984197,17749.505984901254,40903.87150335385,14972.17907673069,14678.906168975658,8767.079565580876,36769.450514860175,0.0,38526.79187840037,50864.608982481106,0.0,42665.3019100537,3083.600897921544,8957.126417772104,0.0,2643.0864839327523,2740.9314582905386,1534.9216166427016,15466.321576112476,56934.6217638998,3207.9861787832465,0.0,43084.92757570775,25401.148556819444,0.0,204731.6125298889,7300.599603906887,163283.64184456266,18110.346452949285,28017.428696408537,109638.63207691522,74267.87254047822,113194.9624942006,4533.581143349682,45181.67440012285,939573.3169889164,67148.46094561717,9175.954016195561,49980.967679518304,12195.23765029836,10434.41156236761,7049.506732825288
1982,20885.57282984197,17749.505984901254,40903.87150335385,14972.17907673069,14678.906168975658,8767.079565580876,37241.06114774772,0.0,38526.79187840037,50864.608982481106,0.0,44261.69779825569,3413.182599845477,9914.482790027338,0.0,2925.5850855818376,2572.85172131706,1440.7969639375533,19519.747994278812,134121.96905820016,3011.2656546294866,0.0,69502.30335693179,32673.113608202526,0.0,215556.96690463152,8126.375996352782,199244.41307338004,16392.14835330846,35240.51274220275,96940.26186136276,36457.738543366846,88628.93164448152,3313.6104852710746,36130.6442767501,1802236.9275407912,55101.15112298916,24264.00526119298,94386.14436929379,34309.90072165929,13550.426922129522,16757.134823931963
1983,20885.57282984197,17749.505984901254,40903.871503353854,14972.17907673069,14678.906168975662,8767.079565580876,37938.03008926467,0.0,38526.79187840037,50864.608982481106,0.0,48172.91046101428,3461.1848579673137,10053.917920762196,0.0,2966.7298782576972,2708.0556854389015,1516.511183845785,19966.03597441046,134505.62762492537,3169.5083742376905,0.0,76805.4934177555,39401.66297007266,0.0,218331.7295763742,8223.697026753394,238093.11081000452,20767.486111143215,43157.95504452844,142190.67519148212,59358.04495721514,121207.59124371991,4438.636895469028,48374.187663270844,2144129.966048094,71622.51160857177,25040.96232421972,105394.30448024246,34135.21123423091,15709.243523748417,58051.33407413895
1984,20840.764290078623,17723.856033604883,40843.459166025335,14947.155299810458,14647.079232576865,8760.524611618503,37698.37882002339,0.0,38465.6461539328,50799.29206757947,0.0,47813.66530743451,3454.2523333770982,10033.780587428713,0.0,2960.7877143232267,2731.7031370796326,1529.753756764594,19067.753693853614,100764.81216277121,3197.185351638002,0.0,60434.905058415825,31915.991499325908,0.0,217887.954968525,8215.038082787303,208834.46476337398,17497.574890196578,34242.49300338,111103.06329836798,55641.86318529461,97405.1667139959,3922.0396477077447,39212.749983646725,1505348.891647973,60834.210081424055,17561.33722889671,78047.00104460926,21536.55249909398,12786.910128347943,12565.046072036313
1985,20885.57282984197,17749.505984901254,40903.87150335385,14972.17907673069,14678.906168975658,8767.079565580876,34353.778394464396,0.0,38526.79187840037,50864.608982481106,0.0,44376.45745001059,3036.727683343069,8820.97088971082,0.0,2602.9094428654876,2668.985244781299,1494.6317370775273,15096.765924961506,85785.61599845975,3123.7803304920326,0.0,55164.64911306015,29327.658701631583,0.0,218331.72957637423,7196.107776207356,176952.34195940578,19065.95148174081,34381.244728312144,118274.1098988312,71638.62814789152,119763.71798741224,4672.844003433091,48264.70507640335,1283765.6160856986,68341.84373931104,13272.768454584035,68489.9054118233,18377.680754984696,12734.058873307518,10609.98418172195
1986,20885.57282984197,17749.505984901254,40903.871503353854,14972.17907673069,14481.716077521187,8767.079565580876,37238.21476468941,0.0,38526.79187840037,50864.608982481106,0.0,44261.69779825569,3406.419789056638,9894.838434878806,0.0,2919.7883906199754,2664.728547846431,1492.2479867940015,19252.879406060598,96504.69970112167,3118.798292399463,0.0,55460.17400275271,28761.55306568207,0.0,218331.7295763742,8112.664899779851,187354.92057449737,16254.600227068895,30838.2146897745,95862.07818850907,46738.714160345946,92273.31577981453,3536.8167169444587,37184.80943006644,1375469.7905820126,57512.66623305324,18956.51612795679,76037.0258232269,26082.691009634524,11303.649438655026,12000.800152666354
1987,20885.57282984197,17730.70205200019,40897.44219818309,14972.17907673069,14678.906168975662,8767.079565580876,31240.687228063056,0.0,38081.24485953029,50864.608982481106,0.0,43718.735996316034,2752.7538757406496,7996.094591437125,0.0,2359.503322063414,2273.033032740245,1272.898498334537,13394.676212352728,41537.808205265996,2660.3578615191827,0.0,31714.4728099513,19323.993647440402,0.0,204731.61252988887,6501.267300845999,133496.67458975056,13519.175941696147,18640.65575936277,74410.4642087483,50442.28800698631,76172.04060755554,3191.238412740391,30710.898293675942,676676.4486613912,49711.5960637346,8267.992654846668,36703.5762086695,8883.061062055154,7263.598420211614,5146.0865616468445
1988,20840.764290078623,17543.750764120323,40843.459166025335,14947.155299810458,14647.079232576865,8760.524611618377,16128.206263326423,0.0,35373.35931693072,50799.29206757947,0.0,14206.506913815316,2598.6139587490816,7548.354832556855,0.0,2227.3833932134985,1526.0677445962858,854.59793697392,10279.417285683396,19753.462481678536,1786.109688275493,0.0,13220.273981873026,7247.84004669621,0.0,187946.2412994003,6177.455248664818,104309.57221629684,4321.340550379466,6687.754555066932,22642.358540672118,12126.794956988977,20292.844527111545,979.5818558209744,8183.958954534177,297959.20831404644,14292.874793596337,3695.8465859653115,15567.241603502684,4224.324473031252,2655.4634641668963,2447.2126501033645
1989,20885.57282984197,17668.869225320115,40903.87150335385,14972.17907673069,14678.906168975607,8765.061771302937,20279.300088638436,0.0,37605.569821817284,50864.608982481106,0.0,20524.320379317025,2545.2439226904235,7393.327584957898,0.0,2181.637648020363,1617.577668076418,905.8434941227939,10358.882781018956,83374.35410292663,1893.2129027166395,0.0,44510.8251294812,20523.673262571698,0.0,205240.07256909928,5963.048870777427,146045.09925390867,11319.408046656074,27387.73580674278,77227.17180763706,39741.47794771416,75631.52715275274,2768.9655503531803,30477.079120190218,1128915.349643113,40573.17038727205,12199.87566655883,60367.645891532185,17867.18073222101,9935.695513317394,10313.445973154528
1990,20885.57282984197,16301.51754031662,40718.00038587331,14972.17907673069,14678.906168975747,8220.061994244175,23533.517347350036,0.0,26217.520279613484,50864.608982481106,0.0,31469.578156492593,2422.2601155747543,7036.088907145715,0.0,2076.2229562069324,1171.4368947497674,656.0046610598696,9098.658569743888,21956.111259254125,1371.0497416151277,0.0,18466.655996351692,10939.879265087187,0.0,189592.71274098143,5709.798546870384,101174.98041847901,6504.702478029518,8235.167672339061,36117.42832615409,23541.158088418146,32847.91486868188,1530.8065278323065,13241.930083849958,367981.60114246956,24590.339389183777,6245.313488982642,20009.524612714846,4695.6273194324685,3622.7804289036267,2720.245248594822
1991,20767.937697620466,15853.287954974518,39921.05268541768,14972.17907673069,14678.906168975984,7451.664540450204,13128.603290087678,0.0,22685.496540401735,50864.608982481106,0.0,11948.733842447587,1829.4777091571575,5314.197155170791,0.0,1568.123750706135,1877.0729044960538,1051.1608265177902,5450.100502613792,18973.99945096202,2196.9261274221817,0.0,11578.188403829032,6083.01491216698,0.0,185581.9701399181,4312.330998268983,76564.9361574851,3622.758133023276,6422.692180657168,20624.541058032104,11645.001244446483,19495.670242297187,836.740638510086,7863.662660048705,272556.950319006,12846.337856392467,3370.8516860936174,14561.764640490492,4057.703189648223,2463.078086316796,2350.6865155522464
1992,20840.764290078623,15801.555386323285,39861.60385906587,14947.155299810458,14647.079232576863,7413.003776338842,15612.955649345777,0.0,22421.751073582145,50799.29206757945,0.0,11919.01687987052,2271.764354534169,6598.934553646871,0.0,1947.2265896007161,1461.0020860741956,818.1611682015496,8265.179713672622,27132.814236794173,1709.9568415412389,0.0,15780.065574913115,8096.009742895805,0.0,185204.7617232463,5375.7833912758915,97929.68464285726,4816.049398271079,9180.600445225096,28720.595595546685,16649.196177329464,27876.98560454948,1124.8884756693096,11243.279717505655,380253.061886714,17759.6771446519,4693.259985960512,20548.038377608576,5802.724022228686,3458.0943597414494,3361.602481749433
1993,20885.57282984197,17588.35187816676,40903.87150335385,14972.17907673069,14678.906168975693,8711.190544679766,27737.239490907752,0.0,37066.7350461645,50864.608982481106,0.0,22660.786086301494,3353.277132664603,9740.47167107337,0.0,2874.237542283945,2570.657249536779,1439.568059740596,16933.33574500319,90439.79343430317,3008.6972448578463,0.0,48003.71637744007,22246.15903323325,0.0,212782.2042328888,7986.742457733597,177787.43246755275,11884.423600883656,28273.373442903932,77276.0574262692,38218.65915249158,73103.63309426907,2811.603390895484,29461.189808308285,1215518.0903898065,42083.73936773129,14017.630228649747,64859.140912074814,19342.95866065146,10333.96461707186,11197.21787057665
1994,20885.57282984197,17729.73449718434,40903.87150335385,14972.17907673069,14678.906168975662,8767.079565580876,28904.50629552933,0.0,36616.24516890274,50864.608982481106,0.0,42664.59575832926,2881.192596336549,8369.178494120451,0.0,2469.593654002756,2305.4151410617005,1291.0324789945523,14055.635119244705,43960.15360166414,2698.2578810986147,0.0,31777.410657891705,19237.84435389476,0.0,204731.6125298889,6819.5652931821305,136328.31133721673,12860.085732381425,17373.713203448366,67042.34116107807,44809.553824269286,65441.31010867946,2930.3675500077024,26385.328197733594,687375.9848789192,47395.00600846843,9506.297545524958,37448.50629590468,7212.296564517856,6914.3399729951425,5445.714352771875
1995,20885.57282984197,17747.699643853186,40903.87150335385,14972.17907673069,14678.906168975658,8767.079565580876,32346.005973402454,0.0,38327.43356872204,50864.608982481106,0.0,26662.46972639798,3386.35206428445,9836.546472445309,0.0,2902.587483672386,2637.7226352189346,1477.1246757226033,19374.315576150442,134229.61280249932,3087.1905722602414,0.0,68175.4191819492,31636.648521796014,0.0,215556.96690463152,8071.97907831571,201579.74192038734,15120.697290685483,35322.098024467676,93067.61841734115,34395.94122886662,83204.61578042201,3150.3758747575216,33516.03319795499,1743797.683690627,52265.238519411825,23591.103913518764,93245.00151989538,28714.477363494236,13301.967550872698,16774.40482026441
1996,20840.764290078616,17723.856033604883,40843.459166025335,14947.155299810458,14647.079232576863,8760.5246116185,37698.09696434368,0.0,38465.6461539328,50799.29206757945,0.0,47813.66530743449,3454.2523333770982,10033.780587428713,0.0,2960.7877143232267,2728.722400341084,1528.0845441910067,19599.971732511865,100435.42366392356,3193.6966973592043,0.0,64893.33599743672,35062.173222605714,0.0,217887.954968525,8215.038082787303,202123.17176804162,22644.706129211492,35085.61749703012,133009.10389238546,80165.92114541026,131965.68835218556,5367.808694889127,53171.45496806943,1497472.6785435118,80111.90131425252,16779.324551045233,79991.15238206285,21485.57217605365,14552.247075906009,12497.200938478194
1997,20885.57282984197,17749.505984901254,40903.87150335385,14972.17907673069,14678.906168975662,8767.079565580876,37938.03008926468,0.0,38526.79187840037,50864.608982481106,0.0,48172.91046101428,3461.1848579673137,10053.917920762196,0.0,2966.7298782576972,2623.0859022343593,1468.9281052512413,19943.45735055363,90508.33167030734,3070.0597399750945,0.0,52162.570938105084,27476.75728634899,0.0,218331.72957637423,8223.697026753394,207832.26868014343,15281.294263952594,34502.343653987555,102700.06862335763,51865.090377772,108050.15445105599,3513.8655236874374,43445.7625402826,1494853.0054282793,52875.962579601306,15663.824656661664,67414.6509584133,19308.80598658665,11370.92405571134,11275.800404121306
1998,20885.57282984197,17749.505984901254,40903.87150335385,14972.17907673069,14678.906168975662,8767.079565580876,37938.03008926467,0.0,38526.79187840037,50864.608982481106,0.0,48172.91046101428,3461.1848579673137,10053.917920762196,0.0,2966.7298782576972,2606.0781690791123,1459.4037746843028,19966.03597441046,134295.89268038032,3050.1538890901934,0.0,73062.46357533401,38277.86855741328,0.0,218331.72957637423,8223.697026753394,223693.5145767001,19547.4162186783,42087.86881807704,126392.45064019162,49397.27476513337,101854.42375884435,3979.9063149843296,40990.94459687511,2071953.0710268267,67192.29633733157,25701.63315245024,100656.13050439522,34114.254092939176,14322.409880937166,16798.91438925496
1999,20885.57282984197,17749.505984901254,40903.871503353854,14972.17907673069,14678.906168975662,8767.079565580876,37937.55569208829,0.0,38526.79187840037,50864.608982481106,0.0,48172.91046101428,3461.1848579673137,10053.917920762196,0.0,2966.7298782576972,2736.604380378065,1532.4984530117163,19222.102441518033,91033.48277648531,3202.9217667944877,0.0,61759.51148504654,33777.28082685067,0.0,218331.7295763742,8223.697026753394,200750.76617053174,22742.61515737923,38863.69903991796,140148.3302888872,83604.29888965201,139692.60599302535,5609.283459864448,56269.20165435987,1404519.0734856636,81152.15383466223,13931.291479207008,74785.72230903272,19455.81744143616,14454.399046236984,11284.34511954865
2000,20840.764290078623,17723.856033604883,40843.459166025335,14947.155299810458,14647.0792325772,8760.524611618503,37698.09696434368,0.0,38465.6461539328,50799.29206757947,0.0,47813.66530743451,3442.143124533267,9998.606218882347,0.0,2950.408392457086,2665.135365291768,1492.47580456339,17870.47176427102,96844.09211973195,3119.2744315374853,0.0,56680.467699202934,29486.360413411854,0.0,217887.954968525,8169.402223736036,186700.88200503666,16949.846718507095,30774.040117635777,94610.32063826204,52424.37343396258,87575.24105431703,3823.9315655023265,35287.18111686422,1354835.9446352543,60728.89888432377,17749.252280387795,72763.04709727957,20720.937207725867,11813.794901431578,12024.583122970864
2001,20885.57282984197,17749.505984901254,40903.871503353854,14972.17907673069,14678.906168975662,8767.079565580876,31266.225681525804,0.0,38474.12637554346,50864.608982481106,0.0,43718.73599631603,2892.3205693376804,8401.502606171356,0.0,2479.1319165751543,2573.496782039102,1441.1581979418972,14140.412888053856,28096.41907251401,3012.0206336985657,0.0,24529.632949651226,15805.933588221707,0.0,204982.7926767703,6846.505546121379,128768.29917632412,11454.686858982754,14182.847655989051,61219.130478522085,42524.79364942854,62944.67954660932,2703.995455824216,25374.301714580644,496227.35175211815,41548.38062390658,5996.753198992581,26774.82462215171,6008.857695552903,5623.447106683132,3481.018718876057
2002,20885.57282984197,17749.505984901254,40903.87150335385,14972.17907673069,14678.906168975658,8767.079565580876,28583.217941610335,0.0,38526.79187840037,50864.608982481106,0.0,22866.01671539429,2850.3232867259117,8279.510499537173,0.0,2443.134245765067,2154.6598412869566,1206.6095111206955,13951.308024660588,77427.12010425236,2521.813878242254,0.0,42050.7480147544,19581.1483026338,0.0,215608.21391177614,6773.715679108185,153575.38368513918,10848.915255789612,25514.541714817464,72391.64731375531,36963.692572839995,70194.57266120221,2632.9075120021407,28286.072401905356,1058385.3783182306,38287.651243668544,11454.773359478222,56273.58003751885,16582.824702113976,9265.051274481219,9572.079065564201
2003,20885.57282984197,17749.505984901254,40903.87150335385,14972.17907673069,14678.906168975662,8767.079565580876,37064.72442994121,0.0,38526.79187840037,50864.608982481106,0.0,42600.749605941586,3069.4557345762632,8916.038086150098,0.0,2630.9620582082257,2654.3123142113845,1486.4148959583754,15243.55584511382,49586.68633758459,3106.6071325530047,0.0,26406.044712359497,12833.771664855396,0.0,218331.7295763742,7302.629831757338,141527.63806999646,7326.977328686915,16608.26834580069,48314.85519452638,28935.409834611975,47293.313540953575,1787.774371704481,18731.854036129254,669843.5742133497,29208.146780027146,8040.299026643747,36112.888457445355,10614.24212996473,5977.2108158693,6137.211885643866
2004,20840.764290078623,17723.856033604883,40843.459166025335,14947.155299810458,14647.079232576863,8760.524611618463,37367.19288935788,0.0,38465.64615393281,50799.29206757945,0.0,44466.708735914086,3164.6870352403766,9192.662340460141,0.0,2712.5888873488943,2265.775922326355,1268.8345165027588,15781.708989472605,80372.81760838912,2651.8641394907663,0.0,45226.47796165045,21591.292606513427,0.0,217887.954968525,7529.529427836212,167393.3476981398,12336.019748666471,26691.039425310744,78479.53828166041,39917.90694294085,76665.10639437272,2914.98623030037,31201.70318021668,1110699.2992452772,42286.809937935366,12263.375998109983,59463.199382456274,17210.913722540958,9851.362724882769,9937.287779656885
2005,20885.57282984197,17749.505984901254,40903.87150335385,14972.17907673069,14678.906168975662,8767.079565580876,37645.82438481167,0.0,38526.79187840037,50864.608982481106,0.0,44800.806728743286,3429.0967476911655,9960.709600436243,0.0,2939.225783735285,2608.2572005772677,1460.6240323232698,18975.143396535826,107378.07506040922,3052.704227555634,0.0,58890.45199127479,30023.600017709497,0.0,218331.7295763742,8158.640749101485,184769.656384635,15576.96643772355,28747.036487721685,78539.15550290929,38829.4016624466,65056.5256827878,3246.263309802436,26215.897689850535,1438334.678278064,55952.094601971585,21474.31123393055,77558.43276916827,23001.460852030672,11363.296287739782,13423.810270986845
2006,20885.57282984197,17749.505984901254,40903.871503353854,14972.17907673069,14678.906168975658,8767.079565580876,37821.86859901184,0.0,38526.79187840037,50864.608982481106,0.0,46461.7549210574,3461.1848579673137,10053.917920762196,0.0,2966.7298782576972,2672.53106460322,1496.6173961778031,19921.73233697553,134250.41825278528,3127.930358011609,0.0,77636.71591886379,42035.05228347853,0.0,218331.72957637423,8223.697026753394,223568.95406810922,23612.290089434315,41746.73228867508,159567.09582593036,73815.96640221316,140418.91277979157,5271.3665824288355,56375.66318236977,2035356.4991148126,82501.93415243545,24958.511584468444,104789.59749554194,34172.25404263325,16502.94541896045,16781.209769614634
2007,20885.57282984197,17749.505984901254,40903.87150335385,14972.17907673069,14678.906168975662,8767.079565580856,34351.406408582065,0.0,38526.79187840037,50864.608982481106,0.0,44376.45745001059,3461.184857967311,10053.91792076219,0.0,2966.7298782576954,1951.3423818037788,1092.751733810116,17786.084757017456,78217.33311505443,2283.851123663143,0.0,55975.51731607249,31169.960487456894,0.0,208519.27465226292,8223.697026753394,194611.08173306653,21804.08892107031,36454.6311809897,136343.41594789387,83591.91217346996,139610.74610146717,5466.125213499465,56259.55219576988,1252465.4400933718,77784.96550617577,11289.731877802662,66455.5901606984,16757.102873892534,13474.971578933402,9674.377378847745
2008,20840.764290078623,17362.84472933162,40843.459166025335,14947.155299810458,14647.079232576865,8760.524611618503,29408.29638904123,0.0,34070.56167405096,50799.29206757947,0.0,40162.77270652053,2687.841409240441,7807.539331603186,0.0,2303.864065063235,1990.2033660793227,1114.5138850044207,11610.458996554118,25123.53056052323,2329.3340196592394,0.0,15056.331624060118,7442.957084727679,0.0,188709.7493129247,6359.596310991242,112399.25797504856,4426.522580378317,9271.143687972506,28243.18365468905,16980.747459673104,28409.87308043147,1051.7677854169422,11457.414008809721,375083.90928619733,17300.864043101952,4576.538492362428,20575.726748244586,5372.354471050271,3440.777595914036,3112.2831369436644
2009,20885.57282984197,17319.582826032194,40903.87150335385,14972.17907673069,14678.906168975658,8767.079565580874,24519.809770287186,0.0,33412.81237135132,50864.608982481106,0.0,22801.766734312405,2465.2282907911926,7160.90122563156,0.0,2113.052820678165,2640.6283243636735,1478.7518616436569,9325.38963325945,40430.54388289173,3090.5913908352436,0.0,23322.749911620762,11906.5763316809,0.0,212782.20423288873,5820.224528278049,114199.557400428,7085.147228207352,13685.782987254275,42598.5113472859,24815.435367022426,41541.11116830304,1658.0869270216178,16755.885032240043,564368.5153529004,26314.283718167597,6965.542393861966,30553.22633200354,8646.189763351143,5140.642004602005,5008.863570767331
2010,20885.57282984197,17716.52366475107,40903.87150335385,14972.17907673069,14678.906168976853,8767.079565580874,31287.92716584221,0.0,38080.781156471305,50864.608982481106,0.0,22866.016715394282,2760.8469572581907,8019.603066321411,0.0,2366.440249078449,2664.728547846432,1492.2479867940017,13248.489163043218,74657.05098824846,3118.7982923994637,0.0,41356.68894184114,19521.55204180192,0.0,218331.7295763742,6572.784558233581,148824.75051874822,10846.589574153752,24586.859933320793,70646.22637455707,35669.24134990055,67708.55141226888,2620.655145384905,27283.154934935872,1029656.0100855184,37575.1892236578,11182.014468524036,54567.537874909896,15996.078373453214,9009.086209021572,9233.585432933382
2011,20885.57282984197,17749.505984901254,40903.87150335385,14972.17907673069,14678.906168975658,8767.079565580876,37240.64525129259,0.0,38526.79187840071,50864.608982481106,0.0,44261.69779825569,3385.43768101016,9833.890406743798,0.0,2901.8037265801368,2603.623444706191,1458.029129035467,19392.67900136756,134427.49062205464,3047.2808796841264,0.0,69159.42968366753,34556.563322642716,0.0,218331.7295763742,8070.125234142045,230177.57308448086,16381.234663720385,42384.259506857685,105208.78704951282,38887.546261118245,88878.79551820675,3265.5151631371714,35745.1911960658,2029070.2890838373,56419.57881956276,25671.6383392182,93741.9576317535,34319.66578028216,13430.545124218417,16830.165220788258
2012,20840.764290078623,17700.44887377475,40843.459166025335,14947.15529981046,14647.079232576925,8760.524611618503,34075.39900563665,0.0,38169.35936390047,50799.29206757947,0.0,44113.06791375265,3384.5106718050324,9831.19766571938,0.0,2901.0091472614563,2120.249208232037,1187.3395566099405,17545.275681353993,69922.40299275095,2481.539673314776,0.0,52275.557351962765,30674.129629657167,0.0,215186.51900581486,7948.070875084235,184973.8203827523,21762.326183795856,33888.304518626486,131969.50113629806,83026.19406928518,135801.67773158292,5450.501625110794,54194.341642463754,1145912.9678978783,80796.52058543848,11268.14869613412,60938.765535038765,14974.154360368046,12645.78326184164,8655.870841450735
2013,19696.669941219403,17749.505984901254,39162.297522018984,14972.17907673069,14678.906168975662,7837.305524081132,33563.032962703626,0.0,37823.64642321739,50172.15294421054,0.0,40465.244787252,2872.870161514373,8345.003802494131,0.0,2462.460138440891,1537.6278306916347,861.0715851873155,14028.847638059617,61734.84691679893,1799.6396130414894,0.0,37034.35084748429,19866.949982376187,0.0,193674.9722463353,6799.417104544627,144459.20712213297,11923.710110210424,20752.8071904609,64481.84951116842,36581.60466249374,51718.9303600499,2607.5832023382704,17182.93896024474,848986.5321527731,39687.23818998427,10623.758936571128,44280.25035184002,13196.9665703089,7557.869753687222,667.6344459215495
2014,14220.12526241197,14492.75580241923,29500.04929236422,14972.17907673069,14678.906168975658,4233.946556738057,23615.243320343077,0.0,23845.890875316596,44961.79984032852,0.0,31512.273097149762,1852.456357569602,5380.944657702177,0.0,1587.8197350596588,800.8947899227281,448.50108235672775,5776.075931428949,6174.034048826676,937.3672621255611,0.0,3327.4045691571873,1634.7873897349439,0.0,186213.35317782615,4358.91850120762,67627.01851430147,971.8163009953516,2090.1910956183992,6270.6479651675445,3789.723841216691,6343.752335378699,231.50873908290455,2558.867933824433,83334.21486506144,3834.8019821462726,1026.1958919193062,4583.405095930711,1320.3199739814656,766.3099200286795,764.8805775075897
2015,13005.301406914381,14621.444326950033,28837.860965587155,16194.718959665344,14903.740080650145,3639.347425347122,11236.72931473632,0.0,23672.666708506822,45315.62885009361,0.0,12432.914854614113,1805.7660999504042,5245.3205760464125,0.0,1547.7995142432037,315.3232941187123,176.58104470647888,5335.002578038318,44646.55469300483,369.0543834365409,0.0,22265.286358783487,8667.325621638838,0.0,193142.81448882297,3979.048555370605,79057.5934645871,6425.991198886773,14042.629068790584,43182.24876438779,26002.15510606177,4107.868301728466,1713.6362034020565,4412.691424044552,522870.54078088194,23485.74635769303,6872.56525270552,27923.153901564525,11091.428733293154,5224.245905086474,0.0
